-- phpMyAdmin SQL Dump
-- version 5.1.1
-- https://www.phpmyadmin.net/
--
-- Host: 127.0.0.1
-- Generation Time: Jun 12, 2024 at 01:31 PM
-- Server version: 10.4.21-MariaDB
-- PHP Version: 8.0.12

SET SQL_MODE = "NO_AUTO_VALUE_ON_ZERO";
START TRANSACTION;
SET time_zone = "+00:00";


/*!40101 SET @OLD_CHARACTER_SET_CLIENT=@@CHARACTER_SET_CLIENT */;
/*!40101 SET @OLD_CHARACTER_SET_RESULTS=@@CHARACTER_SET_RESULTS */;
/*!40101 SET @OLD_COLLATION_CONNECTION=@@COLLATION_CONNECTION */;
/*!40101 SET NAMES utf8mb4 */;

--
-- Database: `ecraft2learn`
--

-- --------------------------------------------------------

--
-- Table structure for table `achievements`
--

CREATE TABLE `achievements` (
  `id` bigint(20) UNSIGNED NOT NULL,
  `user_id` bigint(20) UNSIGNED NOT NULL,
  `total_point` int(11) NOT NULL DEFAULT 0,
  `total_xp` int(11) NOT NULL DEFAULT 0,
  `level` int(11) NOT NULL DEFAULT 1,
  `created_at` timestamp NULL DEFAULT NULL,
  `updated_at` timestamp NULL DEFAULT NULL
) ENGINE=InnoDB DEFAULT CHARSET=utf8mb4 COLLATE=utf8mb4_unicode_ci;

--
-- Dumping data for table `achievements`
--

INSERT INTO `achievements` (`id`, `user_id`, `total_point`, `total_xp`, `level`, `created_at`, `updated_at`) VALUES
(1, 4, 0, 0, 1, '2023-07-14 00:53:49', '2023-07-14 00:53:49'),
(2, 5, 158, 400, 5, '2023-07-14 00:55:55', '2023-07-14 02:18:18'),
(3, 6, 0, 0, 1, '2023-07-26 08:16:28', '2023-07-26 08:16:28'),
(4, 7, 143, 490, 6, '2023-07-30 18:27:46', '2023-08-03 20:42:01'),
(5, 8, 142, 480, 6, '2023-07-30 18:29:01', '2023-08-03 20:39:58'),
(6, 9, 144, 480, 6, '2023-07-30 18:29:18', '2023-08-03 20:40:42'),
(7, 10, 137, 490, 6, '2023-07-30 18:29:31', '2023-08-03 20:40:16'),
(8, 11, 114, 530, 6, '2023-07-30 18:29:33', '2023-08-04 22:45:49'),
(9, 12, 144, 480, 6, '2023-07-30 18:29:38', '2023-08-03 20:41:23'),
(10, 13, 145, 480, 6, '2023-07-30 18:29:44', '2023-08-03 20:42:15'),
(12, 15, 133, 480, 6, '2023-07-30 18:29:49', '2023-08-03 20:37:47'),
(13, 16, 93, 480, 6, '2023-07-30 18:29:56', '2023-08-04 22:45:19'),
(14, 17, 131, 490, 6, '2023-07-30 18:29:56', '2023-08-03 20:41:08'),
(15, 18, 143, 460, 6, '2023-07-30 18:29:57', '2023-08-03 20:39:48'),
(16, 19, 144, 480, 6, '2023-07-30 18:30:08', '2023-08-03 20:43:15'),
(17, 20, 96, 480, 6, '2023-07-30 18:30:08', '2023-08-04 22:45:00'),
(18, 21, 97, 480, 6, '2023-07-30 18:30:09', '2023-08-04 22:45:28'),
(19, 22, 121, 480, 6, '2023-07-30 18:30:09', '2023-08-03 20:40:05'),
(20, 23, 64, 250, 3, '2023-07-30 18:30:11', '2023-08-04 22:45:37'),
(21, 24, 147, 490, 6, '2023-07-30 18:30:31', '2023-08-03 20:41:11'),
(22, 25, 125, 480, 6, '2023-07-30 18:30:32', '2023-08-03 20:40:28'),
(23, 26, 106, 490, 6, '2023-07-30 18:31:08', '2023-08-04 22:45:11'),
(25, 28, 130, 480, 6, '2023-07-30 18:31:54', '2023-08-03 20:40:48'),
(26, 29, 0, 0, 1, '2023-07-30 18:32:02', '2023-07-30 18:32:02'),
(27, 30, 130, 490, 6, '2023-07-30 18:32:04', '2023-08-03 20:40:48'),
(28, 31, 0, 0, 1, '2023-07-30 18:36:30', '2023-07-30 18:36:30'),
(29, 32, 136, 750, 8, '2023-07-30 18:37:41', '2023-08-03 20:42:22');

-- --------------------------------------------------------

--
-- Table structure for table `answers`
--

CREATE TABLE `answers` (
  `id` bigint(20) UNSIGNED NOT NULL,
  `question_id` bigint(20) UNSIGNED NOT NULL,
  `jawaban` text COLLATE utf8mb4_unicode_ci NOT NULL,
  `status` tinyint(1) NOT NULL,
  `created_at` timestamp NULL DEFAULT NULL,
  `updated_at` timestamp NULL DEFAULT NULL
) ENGINE=InnoDB DEFAULT CHARSET=utf8mb4 COLLATE=utf8mb4_unicode_ci;

--
-- Dumping data for table `answers`
--

INSERT INTO `answers` (`id`, `question_id`, `jawaban`, `status`, `created_at`, `updated_at`) VALUES
(1, 1, 'a. Speech synthesis dapat mengucapkan kalimat utuh', 0, '2023-07-14 00:37:25', '2023-07-14 00:37:25'),
(2, 1, 'b. Speech synthesis dapat membedakan mana kalimat pertanyaan dan deklaratif', 0, '2023-07-14 00:37:25', '2023-07-14 00:37:25'),
(3, 1, 'c. Speech synthesis hanya dapat mengucapkan kata-kata', 1, '2023-07-14 00:37:25', '2023-07-14 00:37:25'),
(4, 1, 'd. Speech synthesis memiliki kemampuan berbicara berbagai bahasa', 0, '2023-07-14 00:37:25', '2023-07-14 00:37:25'),
(5, 2, 'a. Speak', 1, '2023-07-14 00:37:25', '2023-07-14 00:37:25'),
(6, 2, 'b. Set default language to', 0, '2023-07-14 00:37:25', '2023-07-14 00:37:25'),
(7, 2, 'c. Open this in a new tab', 0, '2023-07-14 00:37:25', '2023-07-14 00:37:25'),
(8, 2, 'd. Play', 0, '2023-07-14 00:37:26', '2023-07-14 00:37:26'),
(9, 3, 'a. Kalimat Utuh', 0, '2023-07-14 00:37:26', '2023-07-14 00:37:26'),
(10, 3, 'b. Tanggal', 0, '2023-07-14 00:37:26', '2023-07-14 00:37:26'),
(11, 3, 'c. Mata uang ', 0, '2023-07-14 00:37:26', '2023-07-14 00:37:26'),
(12, 3, 'd. Semua Benar', 1, '2023-07-14 00:37:26', '2023-07-14 00:37:26'),
(13, 4, 'a. With pitch', 0, '2023-07-14 00:37:26', '2023-07-14 00:37:26'),
(14, 4, 'b. With rate', 0, '2023-07-14 00:37:26', '2023-07-14 00:37:26'),
(15, 4, 'c. With voice', 0, '2023-07-14 00:37:26', '2023-07-14 00:37:26'),
(16, 4, 'd. With sound', 1, '2023-07-14 00:37:26', '2023-07-14 00:37:26'),
(17, 5, 'a. Speak', 0, '2023-07-14 00:37:26', '2023-07-14 00:37:26'),
(18, 5, 'b. With', 0, '2023-07-14 00:37:26', '2023-07-14 00:37:26'),
(19, 5, 'c. Then', 1, '2023-07-14 00:37:26', '2023-07-14 00:37:26'),
(20, 5, 'd. After', 0, '2023-07-14 00:37:26', '2023-07-14 00:37:26'),
(21, 6, 'a. voice that matches [english] [uk]', 1, '2023-07-14 00:37:27', '2023-07-14 00:37:27'),
(22, 6, 'b. voice that matches [english]', 0, '2023-07-14 00:37:27', '2023-07-14 00:37:27'),
(23, 6, 'c. voice that matches [male]', 0, '2023-07-14 00:37:27', '2023-07-14 00:37:27'),
(24, 6, 'd. voice that matches [english] [female]', 0, '2023-07-14 00:37:27', '2023-07-14 00:37:27'),
(25, 7, 'a. sebuah data yang digunakan untuk melihat keakuratan suatu Performa', 0, '2023-07-14 00:37:27', '2023-07-14 00:37:27'),
(26, 7, 'b. sebuah mesin yang dikembangkan untuk menjalankan suatu sistem dengan sendirinya melalui pengenalan pola', 1, '2023-07-14 00:37:27', '2023-07-14 00:37:27'),
(27, 7, 'c. sebuah sistem yang dikembangkan untuk memecahkan masalah dengan cara menurut manusia', 0, '2023-07-14 00:37:27', '2023-07-14 00:37:27'),
(28, 7, 'd. sebuah sistem pembelajaran structural yang mendalami untuk memecahkan masalah', 0, '2023-07-14 00:37:27', '2023-07-14 00:37:27'),
(29, 8, 'a. Data training & data testing', 1, '2023-07-14 00:37:27', '2023-07-14 00:37:27'),
(30, 8, 'b. Data mining & data testing', 0, '2023-07-14 00:37:27', '2023-07-14 00:37:27'),
(31, 8, 'c. Data collecting & data testing', 0, '2023-07-14 00:37:27', '2023-07-14 00:37:27'),
(32, 8, 'd. Data sorting & data testing', 0, '2023-07-14 00:37:28', '2023-07-14 00:37:28'),
(33, 9, 'a. Angka antara 0 dan 1 yang menunjukkan kemungkinan keluaran model ML', 1, '2023-07-14 00:37:28', '2023-07-14 00:37:28'),
(34, 9, 'b. Angka antara 0 dan 1 yang menunjukkan kemungkinan masukan model ML', 0, '2023-07-14 00:37:28', '2023-07-14 00:37:28'),
(35, 9, 'c. Angka antara 0 dan 1 yang menunjukkan isi dari model ML ', 0, '2023-07-14 00:37:28', '2023-07-14 00:37:28'),
(36, 9, 'd. Angka antara 0 dan 1 yang menunjukkan sisa dari model ML', 0, '2023-07-14 00:37:28', '2023-07-14 00:37:28'),
(37, 10, 'a. Load file dari sistem penyimpanan lokal', 0, '2023-07-14 00:37:28', '2023-07-14 00:37:28'),
(38, 10, 'b. Load file dari web ', 0, '2023-07-14 00:37:28', '2023-07-14 00:37:28'),
(39, 10, 'c. Load file dari aplikasi machine learning', 1, '2023-07-14 00:37:28', '2023-07-14 00:37:28'),
(40, 10, 'd. Load file dengan memasukkan URL untuk mengaksesnya', 0, '2023-07-14 00:37:28', '2023-07-14 00:37:28'),
(41, 11, 'a. mengirimkan sprites pada tab training', 0, '2023-07-14 00:37:28', '2023-07-14 00:37:28'),
(42, 11, 'b. mendapatkan nilai confidence', 0, '2023-07-14 00:37:28', '2023-07-14 00:37:28'),
(43, 11, 'c. memberhentikan data training', 0, '2023-07-14 00:37:28', '2023-07-14 00:37:28'),
(44, 11, 'd. melakukan training menggunakan gambar dari kamera', 1, '2023-07-14 00:37:29', '2023-07-14 00:37:29'),
(45, 12, 'a. Objek yang menunjukkan kemungkinan keluaran model ML', 0, '2023-07-14 00:37:29', '2023-07-14 00:37:29'),
(46, 12, 'b. Objek yang dapat diprogram', 1, '2023-07-14 00:37:29', '2023-07-14 00:37:29'),
(47, 12, 'c. Objek yang dapat dihitung', 0, '2023-07-14 00:37:29', '2023-07-14 00:37:29'),
(48, 12, 'd. Objek yang dapat menunjukkan urutan dari model ML', 0, '2023-07-14 00:37:29', '2023-07-14 00:37:29'),
(49, 13, 'a. Google translate', 0, '2023-07-14 00:37:29', '2023-07-14 00:37:29'),
(50, 13, 'b. Google teachable machine', 1, '2023-07-14 00:37:29', '2023-07-14 00:37:29'),
(51, 13, 'c. Google AI', 0, '2023-07-14 00:37:29', '2023-07-14 00:37:29'),
(52, 13, 'd. Google neural nets', 0, '2023-07-14 00:37:29', '2023-07-14 00:37:29'),
(53, 14, 'a. memisahkan key point lalu algoritma dibuat', 0, '2023-07-14 00:37:29', '2023-07-14 00:37:29'),
(54, 14, 'b. menyiapkan data, lalu algoritma dibuat', 0, '2023-07-14 00:37:29', '2023-07-14 00:37:29'),
(55, 14, 'c. menghubungkan key point lalu memperhalus posisi', 0, '2023-07-14 00:37:29', '2023-07-14 00:37:29'),
(56, 14, 'd. mengidentifikasi lokasi bagian tubuh, lalu melatih modelnya', 1, '2023-07-14 00:37:30', '2023-07-14 00:37:30'),
(57, 15, 'a. Digunakan untuk estimasi pose manusia secara real-time', 0, '2023-07-14 00:37:30', '2023-07-14 00:37:30'),
(58, 15, 'b. menentukan lokasi bagian wajah dan tubuh yang berbeda', 0, '2023-07-14 00:37:30', '2023-07-14 00:37:30'),
(59, 15, 'c. menampilkan mirrored video', 0, '2023-07-14 00:37:30', '2023-07-14 00:37:30'),
(60, 15, 'd. mengklasifikasikan setiap pixel pada foto manusia', 1, '2023-07-14 00:37:30', '2023-07-14 00:37:30'),
(61, 16, 'a. Model segmentasi deep learning yang mengklasifikasikan setiap piksel dalam foto manusia', 1, '2023-07-14 00:37:30', '2023-07-14 00:37:30'),
(62, 16, 'b. Model segmentasi deep learning yang mencari foto manusia', 0, '2023-07-14 00:37:30', '2023-07-14 00:37:30'),
(63, 16, 'c. Model segmentasi deep learning yang dapat menampilkan foto manusia', 0, '2023-07-14 00:37:30', '2023-07-14 00:37:30'),
(64, 16, 'd. Model segmentasi deep learning yang dapat mengunduh foto manusia', 0, '2023-07-14 00:37:30', '2023-07-14 00:37:30');

-- --------------------------------------------------------

--
-- Table structure for table `certificates`
--

CREATE TABLE `certificates` (
  `id` varchar(15) COLLATE utf8mb4_unicode_ci NOT NULL,
  `user_id` bigint(20) UNSIGNED NOT NULL,
  `learning_id` bigint(20) UNSIGNED NOT NULL,
  `file` text COLLATE utf8mb4_unicode_ci NOT NULL,
  `created_at` timestamp NULL DEFAULT NULL,
  `updated_at` timestamp NULL DEFAULT NULL
) ENGINE=InnoDB DEFAULT CHARSET=utf8mb4 COLLATE=utf8mb4_unicode_ci;

-- --------------------------------------------------------

--
-- Table structure for table `challenges`
--

CREATE TABLE `challenges` (
  `id` bigint(20) UNSIGNED NOT NULL,
  `judul` varchar(255) COLLATE utf8mb4_unicode_ci NOT NULL,
  `deskripsi` varchar(255) COLLATE utf8mb4_unicode_ci NOT NULL,
  `isi` text COLLATE utf8mb4_unicode_ci NOT NULL,
  `step` text COLLATE utf8mb4_unicode_ci NOT NULL,
  `point` int(11) NOT NULL,
  `xp` int(11) NOT NULL,
  `created_at` timestamp NULL DEFAULT NULL,
  `updated_at` timestamp NULL DEFAULT NULL
) ENGINE=InnoDB DEFAULT CHARSET=utf8mb4 COLLATE=utf8mb4_unicode_ci;

--
-- Dumping data for table `challenges`
--

INSERT INTO `challenges` (`id`, `judul`, `deskripsi`, `isi`, `step`, `point`, `xp`, `created_at`, `updated_at`) VALUES
(1, 'Program Snap! AI untuk mengubah kalimat menjadi suara (Speech Synthesis)', 'Membuat program snap! dengan speech synthesis untuk dua suara yang berbeda sedang mengobrol seperti...', '<p class=\"text-xl font-semibold mb-4\">Program Snap! AI untuk mengubah kalimat menjadi suara (Speech Synthesis)</p>\r\n            <p>Buatlah program snap! dengan speech synthesis untuk dua suara yang berbeda sedang mengobrol seperti berikut:\r\n            <br><br>Suara A : “Hallo, salam kenal nama saya Mars”\r\n            <br>Suara B : “Hallo, salam kenal juga, saya Zeys”\r\n            <br>Suara A : “Bagaimana pertadingan tadi Zeys?”\r\n            <br>Suara B : “Pertandingan tadi sangat seru!”</p>\r\n            <p class=\"mt-4\">Kerjakan tantangan di snap! kemudian export file as xml!</p>', '<ol class=\"list-decimal ml-4 leading-relaxed\">\r\n            <li>Gunakan template snap berikut <a class=\"text-info font-bold\"\r\n                href=\"https://ecraft2learn.github.io/ai/snap/snap.html?project=speaking&editMode\"\r\n                target=\"_blank\">(Klik)</a></li>\r\n            <li>Gunakan atau buang blok yang ada atau juga menambahkan untuk menyelesaikan Tantangan</li>\r\n            <li>Setelah dirasa selesai, klik icon file putih di pojok kiri atas</li>\r\n            <li>Pilih save as, kemudian pilih computer, dan merubah nama file lalu tekan tombol save</li>\r\n            <li>File pekerjaan tada akan berformat .XML</li>\r\n            <li>Upload file tersebut di form upload jawaban dan tunggu hingga dinilai oleh ahli</li>\r\n          </ol>', 20, 60, '2023-07-14 00:37:31', '2023-07-14 00:37:31'),
(2, 'Permainan kertas, gunting, batu yang lebih advance', 'Buatlah permainan gunting batu kertas dengan versi user melawan user.', '<p class=\"text-xl font-semibold mb-4\">Permainan kertas, gunting, batu yang lebih advance</p>\r\n            <p class=\"mt-4\">Kerjakan tantangan di snap! kemudian export file as xml!</p>', '<ol class=\"list-decimal ml-4 leading-relaxed\">\r\n            <li>Kamu dapat melihat pertanyaan tantangan yang akan kamu kerjakan di halaman\r\n            pertama</li>\r\n            <li> Buka <a class=\"text-info font-bold\"\r\n            href=\"https://ecraft2learn.github.io/ai/snap/snap.html?project=speaking&editMode\"\r\n            target=\"_blank\">Snap!</a> untuk mengerjakan tantangan mu, lalu simpanlah pekerjaanmu ke\r\n            devicemu</li>\r\n            <li>Pilih save as, kemudian pilih computer, dan merubah nama file lalu tekan tombol save</li>\r\n            <li>File pekerjaan tada akan berformat .XML</li>\r\n            <li>Upload file tersebut di form upload jawaban dan tunggu hingga dinilai oleh ahli</li>\r\n          </ol>', 20, 60, '2023-07-14 00:37:31', '2023-07-14 00:37:31');

-- --------------------------------------------------------

--
-- Table structure for table `challenge_takens`
--

CREATE TABLE `challenge_takens` (
  `id` bigint(20) UNSIGNED NOT NULL,
  `challenge_id` bigint(20) UNSIGNED NOT NULL,
  `user_id` bigint(20) UNSIGNED NOT NULL,
  `submit_date` datetime DEFAULT NULL,
  `answer_file` varchar(255) COLLATE utf8mb4_unicode_ci DEFAULT NULL,
  `point` int(11) NOT NULL DEFAULT 0,
  `xp` int(11) NOT NULL DEFAULT 0,
  `score` double NOT NULL DEFAULT 0,
  `status` int(11) NOT NULL DEFAULT 0,
  `comment` text COLLATE utf8mb4_unicode_ci DEFAULT NULL,
  `created_at` timestamp NULL DEFAULT NULL,
  `updated_at` timestamp NULL DEFAULT NULL
) ENGINE=InnoDB DEFAULT CHARSET=utf8mb4 COLLATE=utf8mb4_unicode_ci;

--
-- Dumping data for table `challenge_takens`
--

INSERT INTO `challenge_takens` (`id`, `challenge_id`, `user_id`, `submit_date`, `answer_file`, `point`, `xp`, `score`, `status`, `comment`, `created_at`, `updated_at`) VALUES
(1, 1, 5, '2023-07-14 08:54:40', '1689324880_5_course1.xml', 20, 60, 85, 2, NULL, '2023-07-14 01:54:27', '2023-07-14 01:56:07'),
(2, 2, 5, '2023-07-14 09:17:37', '1689326257_5_course1.xml', 20, 60, 90, 2, NULL, '2023-07-14 02:17:27', '2023-07-14 02:18:18'),
(3, 1, 21, NULL, NULL, 0, 0, 0, 0, NULL, '2023-08-03 20:46:24', '2023-08-03 20:46:24'),
(4, 1, 12, '2023-08-04 03:59:43', '1691121583_12_Alif.xml', 0, 0, 0, 1, NULL, '2023-08-03 20:46:24', '2023-08-03 20:59:43'),
(5, 1, 32, '2023-08-04 04:06:07', '1691121967_32_speaking_Naylah.xml', 0, 0, 0, 1, NULL, '2023-08-03 20:46:25', '2023-08-03 21:06:07'),
(6, 1, 11, '2023-08-04 03:47:24', '1691120844_11_speaking kha.xml', 0, 0, 0, 1, NULL, '2023-08-03 20:46:26', '2023-08-03 20:47:24'),
(7, 1, 13, '2023-08-04 03:51:07', '1691121067_13_Raul Ramadan  (1).xml', 0, 0, 0, 1, NULL, '2023-08-03 20:46:27', '2023-08-03 20:51:07'),
(8, 1, 7, '2023-08-04 03:53:57', '1691121237_7_speaking_Hizkiel.xml', 0, 0, 0, 1, NULL, '2023-08-03 20:46:27', '2023-08-03 20:53:57'),
(9, 1, 26, '2023-08-04 04:13:20', '1691122400_26_speaking_Defly.xml', 0, 0, 0, 1, NULL, '2023-08-03 20:46:27', '2023-08-03 21:13:20'),
(10, 1, 20, NULL, NULL, 0, 0, 0, 0, NULL, '2023-08-03 20:46:28', '2023-08-03 20:46:28'),
(11, 1, 9, '2023-08-04 04:00:23', '1691121623_9_Iksal Dias Putra .xml', 0, 0, 0, 1, NULL, '2023-08-03 20:46:28', '2023-08-03 21:00:23'),
(12, 1, 8, '2023-08-04 05:51:22', '1691128282_8_Yopi Sopian.xml', 0, 0, 0, 1, NULL, '2023-08-03 20:46:31', '2023-08-03 22:51:22'),
(13, 1, 28, '2023-08-04 04:09:45', '1691122185_28_speaking Raihan Baus.xml', 0, 0, 0, 1, NULL, '2023-08-03 20:47:05', '2023-08-03 21:09:45'),
(14, 1, 24, '2023-08-04 04:02:00', '1691121720_24_01_Aldi Fauzi.xml', 0, 0, 0, 1, NULL, '2023-08-03 20:47:22', '2023-08-03 21:02:00'),
(15, 1, 18, '2023-08-04 03:55:18', '1691121318_18_fatih althaf .m(TJKT).xml', 0, 0, 0, 1, NULL, '2023-08-03 20:47:34', '2023-08-03 20:55:18'),
(16, 1, 10, '2023-08-04 03:54:34', '1691121274_10_Yuro radhitya nazarya.xml', 0, 0, 0, 1, NULL, '2023-08-03 20:47:39', '2023-08-03 20:54:34'),
(17, 1, 19, '2023-08-04 03:56:11', '1691121371_19_varell Febyan .xml', 0, 0, 0, 1, NULL, '2023-08-03 20:47:44', '2023-08-03 20:56:11'),
(18, 1, 22, '2023-08-04 04:01:53', '1691121713_22_Nabil putra pratama.xml', 0, 0, 0, 1, NULL, '2023-08-03 20:47:49', '2023-08-03 21:01:53'),
(19, 1, 25, '2023-08-04 04:20:46', '1691122846_25_Alvin Tris Suryana.xml', 0, 0, 0, 1, NULL, '2023-08-03 20:47:50', '2023-08-03 21:20:46'),
(20, 1, 17, '2023-08-04 04:01:53', '1691121713_17_Favian .xml', 0, 0, 0, 1, NULL, '2023-08-03 20:48:35', '2023-08-03 21:01:53'),
(21, 1, 30, '2023-08-04 04:04:35', '1691121875_30_marcell.xml', 0, 0, 0, 1, NULL, '2023-08-03 20:49:11', '2023-08-03 21:04:35'),
(22, 1, 15, '2023-08-04 03:58:49', '1691121529_15_17_Syahban Wira Adinata  (1).xml', 0, 0, 0, 1, NULL, '2023-08-03 20:58:38', '2023-08-03 20:58:49'),
(23, 2, 7, NULL, NULL, 0, 0, 0, 0, NULL, '2023-08-03 21:05:44', '2023-08-03 21:05:44'),
(24, 2, 24, NULL, NULL, 0, 0, 0, 0, NULL, '2023-08-03 21:05:50', '2023-08-03 21:05:50'),
(25, 2, 10, NULL, NULL, 0, 0, 0, 0, NULL, '2023-08-03 21:05:53', '2023-08-03 21:05:53'),
(26, 2, 30, NULL, NULL, 0, 0, 0, 0, NULL, '2023-08-03 21:05:55', '2023-08-03 21:05:55'),
(27, 2, 9, NULL, NULL, 0, 0, 0, 0, NULL, '2023-08-03 21:05:56', '2023-08-03 21:05:56'),
(28, 2, 13, NULL, NULL, 0, 0, 0, 0, NULL, '2023-08-03 21:05:56', '2023-08-03 21:05:56'),
(29, 2, 8, NULL, NULL, 0, 0, 0, 0, NULL, '2023-08-03 21:06:07', '2023-08-03 21:06:07'),
(30, 2, 12, NULL, NULL, 0, 0, 0, 0, NULL, '2023-08-03 21:06:07', '2023-08-03 21:06:07'),
(31, 2, 15, NULL, NULL, 0, 0, 0, 0, NULL, '2023-08-03 21:06:08', '2023-08-03 21:06:08'),
(32, 2, 17, NULL, NULL, 0, 0, 0, 0, NULL, '2023-08-03 21:06:08', '2023-08-03 21:06:08'),
(33, 2, 21, NULL, NULL, 0, 0, 0, 0, NULL, '2023-08-03 21:06:18', '2023-08-03 21:06:18'),
(34, 2, 18, NULL, NULL, 0, 0, 0, 0, NULL, '2023-08-03 21:07:26', '2023-08-03 21:07:26'),
(35, 2, 25, NULL, NULL, 0, 0, 0, 0, NULL, '2023-08-03 21:07:50', '2023-08-03 21:07:50'),
(36, 2, 28, NULL, NULL, 0, 0, 0, 0, NULL, '2023-08-03 21:09:55', '2023-08-03 21:09:55');

-- --------------------------------------------------------

--
-- Table structure for table `contents`
--

CREATE TABLE `contents` (
  `id` bigint(20) UNSIGNED NOT NULL,
  `course_id` bigint(20) UNSIGNED NOT NULL,
  `sub_course_id` bigint(20) UNSIGNED NOT NULL,
  `judul` varchar(255) COLLATE utf8mb4_unicode_ci NOT NULL,
  `tipe_content` int(11) NOT NULL,
  `prev_id` int(11) DEFAULT NULL,
  `next_id` int(11) DEFAULT NULL,
  `created_at` timestamp NULL DEFAULT NULL,
  `updated_at` timestamp NULL DEFAULT NULL
) ENGINE=InnoDB DEFAULT CHARSET=utf8mb4 COLLATE=utf8mb4_unicode_ci;

--
-- Dumping data for table `contents`
--

INSERT INTO `contents` (`id`, `course_id`, `sub_course_id`, `judul`, `tipe_content`, `prev_id`, `next_id`, `created_at`, `updated_at`) VALUES
(1, 1, 1, 'Apa itu Speech Synthesis?', 1, 0, 2, '2023-07-14 00:37:09', '2023-07-14 00:37:09'),
(2, 1, 2, 'Speech Synthesis Sederhana', 1, 1, 3, '2023-07-14 00:37:09', '2023-07-14 00:37:09'),
(3, 1, 2, 'Berbicara kalimat vs rangkaian kata', 1, 2, 4, '2023-07-14 00:37:09', '2023-07-14 00:37:09'),
(4, 1, 2, 'Berbicara selaian bentuk kata', 1, 3, 5, '2023-07-14 00:37:10', '2023-07-14 00:37:10'),
(5, 1, 2, 'Latihan', 1, 4, 6, '2023-07-14 00:37:10', '2023-07-14 00:37:10'),
(6, 1, 2, 'Asah Pengetahuan 1', 2, 5, 7, '2023-07-14 00:37:10', '2023-07-14 00:37:10'),
(7, 1, 3, 'Menambahkan Efek Suara', 1, 6, 8, '2023-07-14 00:37:10', '2023-07-14 00:37:10'),
(8, 1, 3, 'Mengontrol Block Speech Synthesis', 1, 7, 9, '2023-07-14 00:37:10', '2023-07-14 00:37:10'),
(9, 1, 3, 'Mengontrol Jenis Suara Speech Synthesis', 1, 8, 10, '2023-07-14 00:37:11', '2023-07-14 00:37:11'),
(10, 1, 3, 'Latihan', 1, 9, 11, '2023-07-14 00:37:11', '2023-07-14 00:37:11'),
(11, 1, 3, 'Asah Pengetahuan 2', 2, 10, 12, '2023-07-14 00:37:11', '2023-07-14 00:37:11'),
(12, 1, 4, 'Berbicara Bukan Kata', 1, 11, 13, '2023-07-14 00:37:11', '2023-07-14 00:37:11'),
(13, 1, 5, 'Contoh AI dengan Speech Synthesis', 1, 12, 14, '2023-07-14 00:37:11', '2023-07-14 00:37:11'),
(14, 1, 6, 'Ide Proyek Speech Synthesis', 1, 13, 15, '2023-07-14 00:37:12', '2023-07-14 00:37:12'),
(15, 1, 6, 'Tahukah Kamu?', 1, 14, 16, '2023-07-14 00:37:12', '2023-07-14 00:37:12'),
(16, 1, 6, 'Apakah Speech Synthesis dapat disalahgunakan?', 1, 15, 17, '2023-07-14 00:37:12', '2023-07-14 00:37:12'),
(17, 1, 6, 'Evaluasi', 3, 16, 18, '2023-07-14 00:37:12', '2023-07-14 00:37:12'),
(18, 1, 6, 'Congratulations!', 4, 17, 0, '2023-07-14 00:37:12', '2023-07-14 00:37:12'),
(19, 2, 7, 'Machine Learning', 1, 0, 20, '2023-07-14 00:37:13', '2023-07-14 00:37:13'),
(20, 2, 7, 'Pendahuluan', 1, 19, 21, '2023-07-14 00:37:13', '2023-07-14 00:37:13'),
(21, 2, 7, 'Save dan Load Training Kamu', 1, 20, 22, '2023-07-14 00:37:13', '2023-07-14 00:37:13'),
(22, 2, 8, 'Blok untuk Training Data Gambar dengan Kamera', 1, 21, 23, '2023-07-14 00:37:13', '2023-07-14 00:37:13'),
(23, 2, 8, 'Menggunakan Sprite Costumes untuk Training', 1, 22, 24, '2023-07-14 00:37:13', '2023-07-14 00:37:13'),
(24, 2, 8, 'Mengenali Gambar tanpa Training atau Layanan Cloud', 1, 23, 25, '2023-07-14 00:37:13', '2023-07-14 00:37:13'),
(25, 2, 8, 'Latihan Contoh Program', 1, 24, 26, '2023-07-14 00:37:14', '2023-07-14 00:37:14'),
(26, 2, 9, 'Mengenali Suara', 1, 25, 27, '2023-07-14 00:37:14', '2023-07-14 00:37:14'),
(27, 2, 9, 'Latihan Contoh Program', 1, 26, 28, '2023-07-14 00:37:14', '2023-07-14 00:37:14'),
(28, 2, 9, 'Model dari Google Teachable Machine', 1, 27, 29, '2023-07-14 00:37:14', '2023-07-14 00:37:14'),
(29, 2, 10, 'Bagaimana Cara Kerja Deteksi Pose?', 1, 28, 30, '2023-07-14 00:37:14', '2023-07-14 00:37:14'),
(30, 2, 10, 'Mendeteksi Pose-mu', 1, 29, 31, '2023-07-14 00:37:14', '2023-07-14 00:37:14'),
(31, 2, 10, 'Latihan Contoh Program', 1, 30, 32, '2023-07-14 00:37:15', '2023-07-14 00:37:15'),
(32, 2, 11, 'Permainan Kertas, Gunting, Batu', 1, 31, 33, '2023-07-14 00:37:15', '2023-07-14 00:37:15'),
(33, 2, 11, 'Memberi Label pada Gambar berdasarkan Bagian Tubuh', 1, 32, 34, '2023-07-14 00:37:15', '2023-07-14 00:37:15'),
(34, 2, 11, 'Mendeteksi Objek pada Gambar', 1, 33, 35, '2023-07-14 00:37:15', '2023-07-14 00:37:15'),
(35, 2, 12, 'Membuat Gambar dengan Gaya Lukisan Terkenal', 1, 34, 36, '2023-07-14 00:37:15', '2023-07-14 00:37:15'),
(36, 2, 12, 'Bagaimana Style Transfer Bekerja', 1, 35, 37, '2023-07-14 00:37:16', '2023-07-14 00:37:16'),
(37, 2, 13, 'Quiz Time!', 2, 36, 38, '2023-07-14 00:37:16', '2023-07-14 00:37:16'),
(38, 2, 14, 'Ide Proyek Menggunakan Machine Learning', 1, 37, 39, '2023-07-14 00:37:16', '2023-07-14 00:37:16'),
(39, 2, 14, 'Resources Tambahan', 1, 38, 40, '2023-07-14 00:37:16', '2023-07-14 00:37:16'),
(40, 2, 14, 'Congratulation!', 4, 39, 0, '2023-07-14 00:37:16', '2023-07-14 00:37:16');

-- --------------------------------------------------------

--
-- Table structure for table `courses`
--

CREATE TABLE `courses` (
  `id` bigint(20) UNSIGNED NOT NULL,
  `judul` varchar(255) COLLATE utf8mb4_unicode_ci NOT NULL,
  `desc` varchar(255) COLLATE utf8mb4_unicode_ci NOT NULL,
  `author` varchar(255) COLLATE utf8mb4_unicode_ci NOT NULL,
  `requirement` text COLLATE utf8mb4_unicode_ci NOT NULL,
  `ratings` double NOT NULL,
  `thumb` text COLLATE utf8mb4_unicode_ci NOT NULL,
  `icon` text COLLATE utf8mb4_unicode_ci NOT NULL,
  `created_at` timestamp NULL DEFAULT NULL,
  `updated_at` timestamp NULL DEFAULT NULL
) ENGINE=InnoDB DEFAULT CHARSET=utf8mb4 COLLATE=utf8mb4_unicode_ci;

--
-- Dumping data for table `courses`
--

INSERT INTO `courses` (`id`, `judul`, `desc`, `author`, `requirement`, `ratings`, `thumb`, `icon`, `created_at`, `updated_at`) VALUES
(1, 'Speech Synthesis dalam Artificial Intelegence', 'Belajar Artificial Intelligence untuk membuat produk AI dengan Speech Synthesis dengan mudah dan menyenangkan.', 'Ken Kahn, University Of Oxford', '<ul class=\"list-inside list-disc leading-relaxed\"><li>Personal Computer (PC) atau Laptop </li> <li>Internet</li> <li>Speaker dan Microphone / Earphone</li></ul>', 5, '/res/img/ss-thumb.png', '/res/img/icon-ss.png', '2023-07-14 00:37:03', '2023-07-14 00:37:03'),
(2, 'Menambahkan Model Machine Learning pada Program', 'Belajar cara untuk menambahkan model Machine Learning pada beberapa program dengan mudah dan menyenangkan.', 'Ken Kahn, University Of Oxford', '<ul class=\"list-inside list-disc leading-relaxed\"><li>Personal Computer (PC) atau Laptop </li> <li>Internet</li> <li>Kamera / Webcam</li></ul>', 5, '/res/img/ml-thumb.png', '/res/img/ml-icon.png', '2023-07-14 00:37:03', '2023-07-14 00:37:03');

-- --------------------------------------------------------

--
-- Table structure for table `detail_learnings`
--

CREATE TABLE `detail_learnings` (
  `id` bigint(20) UNSIGNED NOT NULL,
  `learning_id` bigint(20) UNSIGNED NOT NULL,
  `content_id` bigint(20) UNSIGNED NOT NULL,
  `status` int(11) NOT NULL DEFAULT 0,
  `created_at` timestamp NULL DEFAULT NULL,
  `updated_at` timestamp NULL DEFAULT NULL
) ENGINE=InnoDB DEFAULT CHARSET=utf8mb4 COLLATE=utf8mb4_unicode_ci;

--
-- Dumping data for table `detail_learnings`
--

INSERT INTO `detail_learnings` (`id`, `learning_id`, `content_id`, `status`, `created_at`, `updated_at`) VALUES
(1, 1, 1, 1, '2023-07-14 00:56:43', '2023-07-14 00:58:49'),
(2, 1, 2, 1, '2023-07-14 00:56:44', '2023-07-14 01:00:38'),
(3, 1, 3, 1, '2023-07-14 00:56:45', '2023-07-14 01:06:42'),
(4, 1, 4, 1, '2023-07-14 00:56:45', '2023-07-14 01:07:50'),
(5, 1, 5, 1, '2023-07-14 00:56:45', '2023-07-14 01:08:48'),
(6, 1, 6, 1, '2023-07-14 00:56:46', '2023-07-14 01:09:54'),
(7, 1, 7, 1, '2023-07-14 00:56:50', '2023-07-14 01:28:15'),
(8, 1, 8, 1, '2023-07-14 00:56:50', '2023-07-14 01:28:58'),
(9, 1, 9, 1, '2023-07-14 00:56:50', '2023-07-14 01:30:53'),
(10, 1, 10, 1, '2023-07-14 00:56:51', '2023-07-14 01:32:23'),
(11, 1, 11, 1, '2023-07-14 00:56:51', '2023-07-14 01:33:10'),
(12, 1, 12, 1, '2023-07-14 00:56:53', '2023-07-14 01:36:07'),
(13, 1, 13, 1, '2023-07-14 00:56:53', '2023-07-14 01:40:50'),
(14, 1, 14, 1, '2023-07-14 00:56:54', '2023-07-14 01:41:05'),
(15, 1, 15, 1, '2023-07-14 00:56:54', '2023-07-14 01:41:14'),
(16, 1, 16, 1, '2023-07-14 00:56:54', '2023-07-14 01:41:22'),
(17, 1, 17, 1, '2023-07-14 00:56:55', '2023-07-14 01:55:55'),
(18, 1, 18, 1, '2023-07-14 00:56:56', '2023-07-14 01:55:55'),
(19, 2, 19, 1, '2023-07-14 02:16:25', '2023-07-14 02:16:37'),
(20, 2, 20, 1, '2023-07-14 02:16:25', '2023-07-14 02:16:47'),
(21, 2, 21, 1, '2023-07-14 02:16:25', '2023-07-14 02:16:59'),
(22, 2, 22, 0, '2023-07-14 02:16:25', '2023-07-14 02:16:25'),
(23, 2, 23, 0, '2023-07-14 02:16:25', '2023-07-14 02:16:25'),
(24, 2, 24, 0, '2023-07-14 02:16:25', '2023-07-14 02:16:25'),
(25, 2, 25, 0, '2023-07-14 02:16:25', '2023-07-14 02:16:25'),
(26, 2, 26, 0, '2023-07-14 02:16:25', '2023-07-14 02:16:25'),
(27, 2, 27, 0, '2023-07-14 02:16:25', '2023-07-14 02:16:25'),
(28, 2, 28, 0, '2023-07-14 02:16:25', '2023-07-14 02:16:25'),
(29, 2, 29, 0, '2023-07-14 02:16:25', '2023-07-14 02:16:25'),
(30, 2, 30, 0, '2023-07-14 02:16:25', '2023-07-14 02:16:25'),
(31, 2, 31, 0, '2023-07-14 02:16:25', '2023-07-14 02:16:25'),
(32, 2, 32, 0, '2023-07-14 02:16:25', '2023-07-14 02:16:25'),
(33, 2, 33, 0, '2023-07-14 02:16:25', '2023-07-14 02:16:25'),
(34, 2, 34, 0, '2023-07-14 02:16:25', '2023-07-14 02:16:25'),
(35, 2, 35, 0, '2023-07-14 02:16:25', '2023-07-14 02:16:25'),
(36, 2, 36, 0, '2023-07-14 02:16:25', '2023-07-14 02:16:25'),
(37, 2, 37, 0, '2023-07-14 02:16:25', '2023-07-14 02:16:25'),
(38, 2, 38, 0, '2023-07-14 02:16:26', '2023-07-14 02:16:26'),
(39, 2, 39, 0, '2023-07-14 02:16:26', '2023-07-14 02:16:26'),
(40, 2, 40, 0, '2023-07-14 02:16:26', '2023-07-14 02:16:26'),
(41, 3, 1, 1, '2023-07-30 18:38:32', '2023-07-30 18:41:10'),
(42, 3, 2, 1, '2023-07-30 18:38:32', '2023-07-30 18:41:32'),
(43, 3, 3, 1, '2023-07-30 18:38:32', '2023-07-30 18:42:17'),
(44, 3, 4, 1, '2023-07-30 18:38:32', '2023-07-30 18:42:38'),
(45, 3, 5, 1, '2023-07-30 18:38:32', '2023-07-30 18:42:50'),
(46, 3, 6, 1, '2023-07-30 18:38:32', '2023-07-30 18:44:09'),
(47, 3, 7, 1, '2023-07-30 18:38:32', '2023-07-30 18:44:42'),
(48, 3, 8, 1, '2023-07-30 18:38:32', '2023-07-30 18:45:22'),
(49, 3, 9, 1, '2023-07-30 18:38:32', '2023-07-30 18:45:52'),
(50, 3, 10, 1, '2023-07-30 18:38:32', '2023-07-30 18:46:05'),
(51, 3, 11, 1, '2023-07-30 18:38:32', '2023-07-30 18:46:57'),
(52, 3, 12, 1, '2023-07-30 18:38:32', '2023-07-30 18:48:19'),
(53, 3, 13, 1, '2023-07-30 18:38:32', '2023-07-30 18:50:48'),
(54, 3, 14, 1, '2023-07-30 18:38:32', '2023-07-30 18:51:03'),
(55, 3, 15, 1, '2023-07-30 18:38:32', '2023-07-30 18:51:29'),
(56, 3, 16, 1, '2023-07-30 18:38:32', '2023-07-30 18:51:35'),
(57, 3, 17, 1, '2023-07-30 18:38:32', '2023-07-31 22:08:26'),
(58, 3, 18, 0, '2023-07-30 18:38:32', '2023-07-30 18:38:32'),
(59, 4, 1, 1, '2023-07-30 18:39:07', '2023-07-30 18:42:57'),
(60, 4, 2, 1, '2023-07-30 18:39:07', '2023-07-30 18:46:36'),
(61, 4, 3, 1, '2023-07-30 18:39:07', '2023-07-30 18:47:18'),
(62, 4, 4, 1, '2023-07-30 18:39:07', '2023-07-30 18:47:57'),
(63, 4, 5, 1, '2023-07-30 18:39:07', '2023-07-30 18:49:57'),
(64, 4, 6, 1, '2023-07-30 18:39:07', '2023-07-30 18:56:33'),
(65, 4, 7, 1, '2023-07-30 18:39:07', '2023-07-30 19:01:53'),
(66, 4, 8, 1, '2023-07-30 18:39:07', '2023-07-30 19:24:24'),
(67, 4, 9, 1, '2023-07-30 18:39:07', '2023-07-30 19:24:45'),
(68, 4, 10, 1, '2023-07-30 18:39:07', '2023-07-30 19:25:08'),
(69, 4, 11, 1, '2023-07-30 18:39:07', '2023-07-30 19:26:09'),
(70, 4, 12, 1, '2023-07-30 18:39:07', '2023-07-30 19:26:17'),
(71, 4, 13, 1, '2023-07-30 18:39:07', '2023-07-30 19:26:23'),
(72, 4, 14, 1, '2023-07-30 18:39:07', '2023-07-30 19:26:28'),
(73, 4, 15, 1, '2023-07-30 18:39:07', '2023-07-30 19:26:33'),
(74, 4, 16, 1, '2023-07-30 18:39:07', '2023-07-30 19:26:38'),
(75, 4, 17, 1, '2023-07-30 18:39:07', '2023-07-31 22:09:46'),
(76, 4, 18, 0, '2023-07-30 18:39:07', '2023-07-30 18:39:07'),
(77, 5, 1, 1, '2023-07-30 18:39:08', '2023-07-30 18:42:52'),
(78, 5, 2, 1, '2023-07-30 18:39:08', '2023-07-30 18:45:42'),
(79, 5, 3, 1, '2023-07-30 18:39:08', '2023-07-30 18:47:51'),
(80, 5, 4, 1, '2023-07-30 18:39:08', '2023-07-30 18:50:43'),
(81, 5, 5, 1, '2023-07-30 18:39:08', '2023-07-30 18:52:07'),
(82, 5, 6, 1, '2023-07-30 18:39:08', '2023-07-30 18:56:30'),
(83, 5, 7, 1, '2023-07-30 18:39:08', '2023-07-30 19:01:55'),
(84, 5, 8, 1, '2023-07-30 18:39:08', '2023-07-30 19:06:57'),
(85, 5, 9, 1, '2023-07-30 18:39:08', '2023-07-30 19:15:48'),
(86, 5, 10, 1, '2023-07-30 18:39:08', '2023-07-30 19:19:00'),
(87, 5, 11, 1, '2023-07-30 18:39:08', '2023-07-30 19:23:37'),
(88, 5, 12, 1, '2023-07-30 18:39:08', '2023-07-30 19:24:14'),
(89, 5, 13, 1, '2023-07-30 18:39:08', '2023-07-30 19:25:07'),
(90, 5, 14, 1, '2023-07-30 18:39:08', '2023-07-30 19:25:11'),
(91, 5, 15, 1, '2023-07-30 18:39:08', '2023-07-30 19:25:13'),
(92, 5, 16, 1, '2023-07-30 18:39:08', '2023-07-30 19:25:18'),
(93, 5, 17, 1, '2023-07-30 18:39:08', '2023-08-04 22:45:11'),
(94, 5, 18, 0, '2023-07-30 18:39:08', '2023-07-30 18:39:08'),
(95, 6, 1, 1, '2023-07-30 18:39:08', '2023-07-30 18:45:59'),
(96, 6, 2, 1, '2023-07-30 18:39:08', '2023-07-30 18:51:49'),
(97, 6, 3, 1, '2023-07-30 18:39:08', '2023-07-30 18:54:21'),
(98, 6, 4, 1, '2023-07-30 18:39:08', '2023-07-30 18:54:29'),
(99, 6, 5, 1, '2023-07-30 18:39:08', '2023-07-30 18:54:33'),
(100, 6, 6, 1, '2023-07-30 18:39:08', '2023-07-30 18:55:49'),
(101, 6, 7, 1, '2023-07-30 18:39:08', '2023-07-30 18:56:47'),
(102, 6, 8, 1, '2023-07-30 18:39:08', '2023-07-30 18:56:51'),
(103, 6, 9, 1, '2023-07-30 18:39:08', '2023-07-30 18:56:54'),
(104, 6, 10, 1, '2023-07-30 18:39:08', '2023-07-30 18:56:56'),
(105, 6, 11, 1, '2023-07-30 18:39:08', '2023-07-30 18:58:35'),
(106, 6, 12, 1, '2023-07-30 18:39:08', '2023-07-30 18:59:50'),
(107, 6, 13, 1, '2023-07-30 18:39:08', '2023-07-30 18:59:54'),
(108, 6, 14, 1, '2023-07-30 18:39:08', '2023-07-30 18:59:57'),
(109, 6, 15, 1, '2023-07-30 18:39:08', '2023-07-30 19:00:00'),
(110, 6, 16, 1, '2023-07-30 18:39:08', '2023-07-30 19:00:02'),
(111, 6, 17, 1, '2023-07-30 18:39:08', '2023-08-04 22:45:19'),
(112, 6, 18, 0, '2023-07-30 18:39:08', '2023-07-30 18:39:08'),
(113, 7, 1, 1, '2023-07-30 18:39:08', '2023-07-30 18:43:38'),
(114, 7, 2, 1, '2023-07-30 18:39:08', '2023-07-30 18:45:16'),
(115, 7, 3, 1, '2023-07-30 18:39:08', '2023-07-30 18:45:35'),
(116, 7, 4, 1, '2023-07-30 18:39:08', '2023-07-30 18:46:00'),
(117, 7, 5, 1, '2023-07-30 18:39:08', '2023-07-30 18:46:59'),
(118, 7, 6, 1, '2023-07-30 18:39:08', '2023-07-30 18:54:09'),
(119, 7, 7, 1, '2023-07-30 18:39:09', '2023-07-30 19:15:51'),
(120, 7, 8, 1, '2023-07-30 18:39:09', '2023-07-30 19:16:55'),
(121, 7, 9, 1, '2023-07-30 18:39:09', '2023-07-30 19:17:37'),
(122, 7, 10, 1, '2023-07-30 18:39:09', '2023-07-30 19:17:59'),
(123, 7, 11, 1, '2023-07-30 18:39:09', '2023-07-30 19:21:25'),
(124, 7, 12, 1, '2023-07-30 18:39:09', '2023-07-30 19:21:48'),
(125, 7, 13, 1, '2023-07-30 18:39:09', '2023-07-30 19:21:58'),
(126, 7, 14, 1, '2023-07-30 18:39:09', '2023-07-30 19:22:03'),
(127, 7, 15, 1, '2023-07-30 18:39:09', '2023-07-30 19:22:09'),
(128, 7, 16, 1, '2023-07-30 18:39:09', '2023-07-30 19:22:13'),
(129, 7, 17, 1, '2023-07-30 18:39:09', '2023-07-31 22:11:33'),
(130, 7, 18, 0, '2023-07-30 18:39:09', '2023-07-30 18:39:09'),
(131, 8, 1, 1, '2023-07-30 18:39:09', '2023-07-30 18:41:48'),
(132, 8, 2, 1, '2023-07-30 18:39:09', '2023-07-30 18:43:13'),
(133, 8, 3, 1, '2023-07-30 18:39:09', '2023-07-30 18:43:24'),
(134, 8, 4, 1, '2023-07-30 18:39:09', '2023-07-30 18:43:28'),
(135, 8, 5, 1, '2023-07-30 18:39:09', '2023-07-30 18:43:32'),
(136, 8, 6, 1, '2023-07-30 18:39:09', '2023-07-30 18:45:03'),
(137, 8, 7, 1, '2023-07-30 18:39:09', '2023-07-30 18:45:13'),
(138, 8, 8, 1, '2023-07-30 18:39:09', '2023-07-30 18:45:17'),
(139, 8, 9, 1, '2023-07-30 18:39:09', '2023-07-30 18:49:15'),
(140, 8, 10, 1, '2023-07-30 18:39:09', '2023-07-30 18:49:29'),
(141, 8, 11, 1, '2023-07-30 18:39:09', '2023-07-30 18:50:47'),
(142, 8, 12, 1, '2023-07-30 18:39:09', '2023-07-30 18:51:17'),
(143, 8, 13, 1, '2023-07-30 18:39:09', '2023-07-30 18:52:19'),
(144, 8, 14, 1, '2023-07-30 18:39:09', '2023-07-30 18:52:24'),
(145, 8, 15, 1, '2023-07-30 18:39:09', '2023-07-30 18:52:26'),
(146, 8, 16, 1, '2023-07-30 18:39:09', '2023-07-30 18:52:29'),
(147, 8, 17, 1, '2023-07-30 18:39:09', '2023-07-31 22:12:31'),
(148, 8, 18, 0, '2023-07-30 18:39:09', '2023-07-30 18:39:09'),
(149, 9, 1, 1, '2023-07-30 18:39:09', '2023-07-30 18:44:50'),
(150, 9, 2, 1, '2023-07-30 18:39:09', '2023-07-30 18:48:07'),
(151, 9, 3, 1, '2023-07-30 18:39:09', '2023-07-30 18:49:51'),
(152, 9, 4, 1, '2023-07-30 18:39:09', '2023-07-30 18:50:21'),
(153, 9, 5, 1, '2023-07-30 18:39:09', '2023-07-30 18:52:50'),
(154, 9, 6, 1, '2023-07-30 18:39:09', '2023-07-30 18:57:56'),
(155, 9, 7, 1, '2023-07-30 18:39:09', '2023-07-30 19:02:25'),
(156, 9, 8, 1, '2023-07-30 18:39:09', '2023-07-30 19:03:53'),
(157, 9, 9, 1, '2023-07-30 18:39:09', '2023-07-30 19:04:46'),
(158, 9, 10, 1, '2023-07-30 18:39:09', '2023-07-30 19:05:07'),
(159, 9, 11, 1, '2023-07-30 18:39:09', '2023-07-30 19:06:07'),
(160, 9, 12, 1, '2023-07-30 18:39:09', '2023-07-30 19:06:50'),
(161, 9, 13, 1, '2023-07-30 18:39:09', '2023-07-30 19:07:45'),
(162, 9, 14, 1, '2023-07-30 18:39:09', '2023-07-30 19:08:42'),
(163, 9, 15, 1, '2023-07-30 18:39:09', '2023-07-30 19:09:21'),
(164, 9, 16, 1, '2023-07-30 18:39:09', '2023-07-30 19:09:42'),
(165, 9, 17, 1, '2023-07-30 18:39:09', '2023-07-31 22:13:07'),
(166, 9, 18, 0, '2023-07-30 18:39:09', '2023-07-30 18:39:09'),
(167, 10, 1, 1, '2023-07-30 18:39:09', '2023-07-30 18:42:51'),
(168, 10, 2, 1, '2023-07-30 18:39:09', '2023-07-30 18:46:22'),
(169, 10, 3, 1, '2023-07-30 18:39:09', '2023-07-30 18:50:11'),
(170, 10, 4, 1, '2023-07-30 18:39:09', '2023-07-30 18:52:34'),
(171, 10, 5, 1, '2023-07-30 18:39:09', '2023-07-30 18:52:57'),
(172, 10, 6, 1, '2023-07-30 18:39:09', '2023-07-30 18:54:53'),
(173, 10, 7, 1, '2023-07-30 18:39:09', '2023-07-30 18:55:54'),
(174, 10, 8, 1, '2023-07-30 18:39:09', '2023-07-30 18:55:58'),
(175, 10, 9, 1, '2023-07-30 18:39:09', '2023-07-30 18:56:00'),
(176, 10, 10, 1, '2023-07-30 18:39:09', '2023-07-30 18:56:04'),
(177, 10, 11, 1, '2023-07-30 18:39:09', '2023-07-30 19:00:59'),
(178, 10, 12, 1, '2023-07-30 18:39:09', '2023-07-30 19:01:20'),
(179, 10, 13, 1, '2023-07-30 18:39:09', '2023-07-30 19:01:22'),
(180, 10, 14, 1, '2023-07-30 18:39:09', '2023-07-30 19:01:25'),
(181, 10, 15, 1, '2023-07-30 18:39:09', '2023-07-30 19:01:27'),
(182, 10, 16, 1, '2023-07-30 18:39:09', '2023-07-30 19:01:30'),
(183, 10, 17, 1, '2023-07-30 18:39:09', '2023-07-31 22:16:28'),
(184, 10, 18, 0, '2023-07-30 18:39:09', '2023-07-30 18:39:09'),
(185, 11, 1, 1, '2023-07-30 18:39:10', '2023-07-30 18:42:12'),
(186, 11, 2, 1, '2023-07-30 18:39:10', '2023-07-30 18:46:45'),
(187, 11, 3, 1, '2023-07-30 18:39:10', '2023-07-30 18:47:46'),
(188, 11, 4, 1, '2023-07-30 18:39:10', '2023-07-30 18:48:20'),
(189, 11, 5, 1, '2023-07-30 18:39:10', '2023-07-30 18:49:05'),
(190, 11, 6, 1, '2023-07-30 18:39:10', '2023-07-30 18:52:38'),
(191, 11, 7, 1, '2023-07-30 18:39:10', '2023-07-30 18:53:28'),
(192, 11, 8, 1, '2023-07-30 18:39:10', '2023-07-30 18:54:05'),
(193, 11, 9, 1, '2023-07-30 18:39:10', '2023-07-30 18:54:22'),
(194, 11, 10, 1, '2023-07-30 18:39:10', '2023-07-30 18:55:36'),
(195, 11, 11, 1, '2023-07-30 18:39:10', '2023-07-30 18:58:19'),
(196, 11, 12, 1, '2023-07-30 18:39:10', '2023-07-30 18:58:55'),
(197, 11, 13, 1, '2023-07-30 18:39:10', '2023-07-30 18:58:58'),
(198, 11, 14, 1, '2023-07-30 18:39:10', '2023-07-30 18:59:33'),
(199, 11, 15, 1, '2023-07-30 18:39:10', '2023-07-30 18:59:36'),
(200, 11, 16, 1, '2023-07-30 18:39:10', '2023-07-30 18:59:38'),
(201, 11, 17, 1, '2023-07-30 18:39:10', '2023-07-31 22:17:41'),
(202, 11, 18, 0, '2023-07-30 18:39:10', '2023-07-30 18:39:10'),
(203, 12, 1, 1, '2023-07-30 18:39:10', '2023-07-30 18:47:53'),
(204, 12, 2, 1, '2023-07-30 18:39:10', '2023-07-30 18:48:39'),
(205, 12, 3, 1, '2023-07-30 18:39:10', '2023-07-30 18:50:06'),
(206, 12, 4, 1, '2023-07-30 18:39:10', '2023-07-30 18:50:13'),
(207, 12, 5, 1, '2023-07-30 18:39:10', '2023-07-30 18:59:57'),
(208, 12, 6, 1, '2023-07-30 18:39:10', '2023-07-30 19:09:10'),
(209, 12, 7, 1, '2023-07-30 18:39:10', '2023-07-30 19:13:34'),
(210, 12, 8, 1, '2023-07-30 18:39:10', '2023-07-30 19:13:44'),
(211, 12, 9, 1, '2023-07-30 18:39:10', '2023-07-30 19:13:57'),
(212, 12, 10, 1, '2023-07-30 18:39:10', '2023-07-30 19:14:03'),
(213, 12, 11, 1, '2023-07-30 18:39:10', '2023-07-30 19:15:07'),
(214, 12, 12, 1, '2023-07-30 18:39:10', '2023-07-30 19:15:30'),
(215, 12, 13, 1, '2023-07-30 18:39:10', '2023-07-30 19:18:19'),
(216, 12, 14, 1, '2023-07-30 18:39:10', '2023-07-30 19:18:23'),
(217, 12, 15, 1, '2023-07-30 18:39:10', '2023-07-30 19:18:30'),
(218, 12, 16, 1, '2023-07-30 18:39:10', '2023-07-30 19:18:38'),
(219, 12, 17, 1, '2023-07-30 18:39:10', '2023-07-31 22:18:11'),
(220, 12, 18, 0, '2023-07-30 18:39:10', '2023-07-30 18:39:10'),
(221, 13, 1, 1, '2023-07-30 18:39:11', '2023-07-30 18:43:16'),
(222, 13, 2, 1, '2023-07-30 18:39:11', '2023-07-30 18:45:44'),
(223, 13, 3, 1, '2023-07-30 18:39:11', '2023-07-30 18:48:30'),
(224, 13, 4, 1, '2023-07-30 18:39:11', '2023-07-30 18:49:44'),
(225, 13, 5, 1, '2023-07-30 18:39:11', '2023-07-30 18:50:39'),
(226, 13, 6, 1, '2023-07-30 18:39:11', '2023-07-30 18:53:36'),
(227, 13, 7, 1, '2023-07-30 18:39:11', '2023-07-30 18:54:25'),
(228, 13, 8, 1, '2023-07-30 18:39:11', '2023-07-30 18:54:55'),
(229, 13, 9, 1, '2023-07-30 18:39:11', '2023-07-30 18:55:14'),
(230, 13, 10, 1, '2023-07-30 18:39:11', '2023-07-30 18:55:46'),
(231, 13, 11, 1, '2023-07-30 18:39:11', '2023-07-30 19:02:09'),
(232, 13, 12, 1, '2023-07-30 18:39:11', '2023-07-30 19:02:22'),
(233, 13, 13, 1, '2023-07-30 18:39:11', '2023-07-30 19:02:25'),
(234, 13, 14, 1, '2023-07-30 18:39:11', '2023-07-30 19:02:29'),
(235, 13, 15, 1, '2023-07-30 18:39:11', '2023-07-30 19:02:31'),
(236, 13, 16, 1, '2023-07-30 18:39:11', '2023-07-30 19:02:33'),
(237, 13, 17, 1, '2023-07-30 18:39:11', '2023-07-31 22:19:37'),
(238, 13, 18, 0, '2023-07-30 18:39:11', '2023-07-30 18:39:11'),
(239, 14, 1, 1, '2023-07-30 18:39:11', '2023-07-30 18:42:54'),
(240, 14, 2, 1, '2023-07-30 18:39:11', '2023-07-30 18:45:13'),
(241, 14, 3, 1, '2023-07-30 18:39:11', '2023-07-30 18:48:35'),
(242, 14, 4, 1, '2023-07-30 18:39:11', '2023-07-30 18:48:58'),
(243, 14, 5, 1, '2023-07-30 18:39:11', '2023-07-30 18:49:24'),
(244, 14, 6, 1, '2023-07-30 18:39:11', '2023-07-30 18:53:38'),
(245, 14, 7, 1, '2023-07-30 18:39:11', '2023-07-30 18:54:25'),
(246, 14, 8, 1, '2023-07-30 18:39:11', '2023-07-30 18:55:11'),
(247, 14, 9, 1, '2023-07-30 18:39:11', '2023-07-30 18:55:21'),
(248, 14, 10, 1, '2023-07-30 18:39:11', '2023-07-30 18:55:44'),
(249, 14, 11, 1, '2023-07-30 18:39:11', '2023-07-30 19:01:38'),
(250, 14, 12, 1, '2023-07-30 18:39:11', '2023-07-30 19:02:28'),
(251, 14, 13, 1, '2023-07-30 18:39:11', '2023-07-30 19:02:49'),
(252, 15, 1, 1, '2023-07-30 18:39:11', '2023-07-30 18:42:18'),
(253, 14, 14, 1, '2023-07-30 18:39:11', '2023-07-30 19:06:55'),
(254, 15, 2, 1, '2023-07-30 18:39:11', '2023-07-30 18:42:58'),
(255, 14, 15, 1, '2023-07-30 18:39:11', '2023-07-30 19:06:58'),
(256, 15, 3, 1, '2023-07-30 18:39:11', '2023-07-30 18:52:47'),
(257, 14, 16, 1, '2023-07-30 18:39:11', '2023-07-30 19:07:04'),
(258, 15, 4, 1, '2023-07-30 18:39:11', '2023-07-30 18:52:57'),
(259, 14, 17, 1, '2023-07-30 18:39:11', '2023-07-31 22:20:15'),
(260, 15, 5, 1, '2023-07-30 18:39:11', '2023-07-30 18:53:04'),
(261, 15, 6, 1, '2023-07-30 18:39:11', '2023-07-30 19:07:35'),
(262, 14, 18, 0, '2023-07-30 18:39:11', '2023-07-30 18:39:11'),
(263, 15, 7, 1, '2023-07-30 18:39:11', '2023-07-30 19:09:16'),
(264, 15, 8, 1, '2023-07-30 18:39:11', '2023-07-30 19:10:18'),
(265, 15, 9, 1, '2023-07-30 18:39:11', '2023-07-30 19:10:42'),
(266, 15, 10, 1, '2023-07-30 18:39:11', '2023-07-30 19:10:53'),
(267, 15, 11, 1, '2023-07-30 18:39:11', '2023-07-30 19:25:15'),
(268, 15, 12, 1, '2023-07-30 18:39:11', '2023-07-30 19:25:52'),
(269, 15, 13, 1, '2023-07-30 18:39:11', '2023-07-30 19:29:27'),
(270, 15, 14, 1, '2023-07-30 18:39:11', '2023-07-30 19:29:30'),
(271, 15, 15, 1, '2023-07-30 18:39:11', '2023-07-30 19:29:32'),
(272, 15, 16, 1, '2023-07-30 18:39:11', '2023-07-30 19:29:35'),
(273, 15, 17, 1, '2023-07-30 18:39:11', '2023-08-04 22:45:28'),
(274, 15, 18, 0, '2023-07-30 18:39:11', '2023-07-30 18:39:11'),
(275, 16, 1, 1, '2023-07-30 18:39:12', '2023-07-30 18:42:20'),
(276, 16, 2, 1, '2023-07-30 18:39:12', '2023-07-30 18:44:53'),
(277, 16, 3, 1, '2023-07-30 18:39:12', '2023-07-30 18:47:06'),
(278, 16, 4, 1, '2023-07-30 18:39:12', '2023-07-30 18:48:44'),
(279, 16, 5, 1, '2023-07-30 18:39:12', '2023-07-30 18:49:17'),
(280, 16, 6, 1, '2023-07-30 18:39:12', '2023-07-30 18:52:36'),
(281, 16, 7, 1, '2023-07-30 18:39:12', '2023-07-30 18:54:00'),
(282, 16, 8, 1, '2023-07-30 18:39:12', '2023-07-30 18:54:04'),
(283, 16, 9, 1, '2023-07-30 18:39:12', '2023-07-30 18:54:16'),
(284, 16, 10, 1, '2023-07-30 18:39:12', '2023-07-30 18:54:47'),
(285, 16, 11, 1, '2023-07-30 18:39:12', '2023-07-30 18:58:23'),
(286, 16, 12, 1, '2023-07-30 18:39:12', '2023-07-30 18:59:22'),
(287, 16, 13, 1, '2023-07-30 18:39:12', '2023-07-30 18:59:31'),
(288, 16, 14, 1, '2023-07-30 18:39:12', '2023-07-30 18:59:36'),
(289, 16, 15, 1, '2023-07-30 18:39:12', '2023-07-30 18:59:40'),
(290, 16, 16, 1, '2023-07-30 18:39:12', '2023-07-30 18:59:45'),
(291, 16, 17, 1, '2023-07-30 18:39:12', '2023-07-31 22:21:14'),
(292, 16, 18, 0, '2023-07-30 18:39:12', '2023-07-30 18:39:12'),
(293, 17, 1, 1, '2023-07-30 18:39:12', '2023-07-30 18:42:53'),
(294, 17, 2, 1, '2023-07-30 18:39:12', '2023-07-30 18:44:41'),
(295, 17, 3, 1, '2023-07-30 18:39:12', '2023-07-30 18:49:02'),
(296, 17, 4, 1, '2023-07-30 18:39:12', '2023-07-30 18:49:13'),
(297, 17, 5, 1, '2023-07-30 18:39:12', '2023-07-30 18:49:22'),
(298, 17, 6, 1, '2023-07-30 18:39:12', '2023-07-30 19:08:34'),
(299, 17, 7, 1, '2023-07-30 18:39:12', '2023-07-30 19:10:54'),
(300, 17, 8, 1, '2023-07-30 18:39:12', '2023-07-30 19:11:03'),
(301, 17, 9, 1, '2023-07-30 18:39:12', '2023-07-30 19:11:09'),
(302, 17, 10, 1, '2023-07-30 18:39:12', '2023-07-30 19:11:16'),
(303, 17, 11, 1, '2023-07-30 18:39:12', '2023-07-30 19:13:28'),
(304, 17, 12, 1, '2023-07-30 18:39:12', '2023-07-30 19:13:40'),
(305, 17, 13, 1, '2023-07-30 18:39:12', '2023-07-30 19:13:44'),
(306, 17, 14, 1, '2023-07-30 18:39:12', '2023-07-30 19:13:47'),
(307, 17, 15, 1, '2023-07-30 18:39:12', '2023-07-30 19:13:54'),
(308, 17, 16, 1, '2023-07-30 18:39:12', '2023-07-30 19:14:09'),
(309, 17, 17, 1, '2023-07-30 18:39:12', '2023-07-31 22:22:07'),
(310, 17, 18, 0, '2023-07-30 18:39:12', '2023-07-30 18:39:12'),
(311, 18, 1, 1, '2023-07-30 18:39:12', '2023-07-30 18:43:22'),
(312, 18, 2, 1, '2023-07-30 18:39:12', '2023-07-30 18:46:52'),
(313, 18, 3, 1, '2023-07-30 18:39:12', '2023-07-30 18:49:10'),
(314, 18, 4, 1, '2023-07-30 18:39:12', '2023-07-30 18:52:10'),
(315, 18, 5, 1, '2023-07-30 18:39:12', '2023-07-30 18:52:33'),
(316, 18, 6, 1, '2023-07-30 18:39:12', '2023-07-30 18:59:09'),
(317, 18, 7, 1, '2023-07-30 18:39:12', '2023-07-30 18:59:45'),
(318, 18, 8, 1, '2023-07-30 18:39:12', '2023-07-30 18:59:47'),
(319, 18, 9, 1, '2023-07-30 18:39:13', '2023-07-30 18:59:49'),
(320, 18, 10, 1, '2023-07-30 18:39:13', '2023-07-30 18:59:51'),
(321, 18, 11, 1, '2023-07-30 18:39:13', '2023-07-30 19:00:46'),
(322, 18, 12, 1, '2023-07-30 18:39:13', '2023-07-30 19:00:51'),
(323, 18, 13, 1, '2023-07-30 18:39:13', '2023-07-30 19:00:53'),
(324, 18, 14, 1, '2023-07-30 18:39:13', '2023-07-30 19:00:55'),
(325, 18, 15, 1, '2023-07-30 18:39:13', '2023-07-30 19:00:58'),
(326, 18, 16, 1, '2023-07-30 18:39:13', '2023-07-30 19:01:17'),
(327, 18, 17, 1, '2023-07-30 18:39:13', '2023-08-04 22:45:37'),
(328, 18, 18, 0, '2023-07-30 18:39:13', '2023-07-30 18:39:13'),
(329, 19, 1, 1, '2023-07-30 18:39:13', '2023-07-30 18:44:57'),
(330, 19, 2, 1, '2023-07-30 18:39:13', '2023-07-30 18:47:16'),
(331, 19, 3, 1, '2023-07-30 18:39:13', '2023-07-30 18:49:23'),
(332, 19, 4, 1, '2023-07-30 18:39:13', '2023-07-30 18:51:04'),
(333, 19, 5, 1, '2023-07-30 18:39:13', '2023-07-30 18:52:41'),
(334, 19, 6, 1, '2023-07-30 18:39:13', '2023-07-30 18:54:48'),
(335, 19, 7, 1, '2023-07-30 18:39:13', '2023-07-30 18:58:44'),
(336, 19, 8, 1, '2023-07-30 18:39:13', '2023-07-30 19:01:22'),
(337, 19, 9, 1, '2023-07-30 18:39:13', '2023-07-30 19:01:40'),
(338, 19, 10, 1, '2023-07-30 18:39:13', '2023-07-30 19:01:44'),
(339, 19, 11, 1, '2023-07-30 18:39:13', '2023-07-30 19:02:32'),
(340, 19, 12, 1, '2023-07-30 18:39:13', '2023-07-30 19:04:51'),
(341, 19, 13, 1, '2023-07-30 18:39:13', '2023-07-30 19:05:49'),
(342, 19, 14, 1, '2023-07-30 18:39:13', '2023-07-30 19:05:54'),
(343, 19, 15, 1, '2023-07-30 18:39:13', '2023-07-30 19:05:59'),
(344, 19, 16, 1, '2023-07-30 18:39:13', '2023-07-30 19:06:04'),
(345, 19, 17, 1, '2023-07-30 18:39:13', '2023-07-31 22:22:40'),
(346, 19, 18, 0, '2023-07-30 18:39:13', '2023-07-30 18:39:13'),
(347, 20, 1, 1, '2023-07-30 18:39:13', '2023-07-30 18:43:46'),
(348, 20, 2, 1, '2023-07-30 18:39:13', '2023-07-30 18:44:43'),
(349, 20, 3, 1, '2023-07-30 18:39:13', '2023-07-30 18:49:20'),
(350, 20, 4, 1, '2023-07-30 18:39:13', '2023-07-30 18:52:12'),
(351, 20, 5, 1, '2023-07-30 18:39:13', '2023-07-30 18:52:15'),
(352, 20, 6, 1, '2023-07-30 18:39:13', '2023-07-30 18:53:31'),
(353, 20, 7, 1, '2023-07-30 18:39:13', '2023-07-30 18:54:28'),
(354, 20, 8, 1, '2023-07-30 18:39:13', '2023-07-30 18:54:35'),
(355, 20, 9, 1, '2023-07-30 18:39:13', '2023-07-30 18:54:47'),
(356, 20, 10, 1, '2023-07-30 18:39:13', '2023-07-30 18:54:50'),
(357, 20, 11, 1, '2023-07-30 18:39:13', '2023-07-30 19:01:40'),
(358, 20, 12, 1, '2023-07-30 18:39:13', '2023-07-30 19:01:59'),
(359, 20, 13, 1, '2023-07-30 18:39:13', '2023-07-30 19:02:01'),
(360, 20, 14, 1, '2023-07-30 18:39:13', '2023-07-30 19:02:03'),
(361, 20, 15, 1, '2023-07-30 18:39:13', '2023-07-30 19:02:06'),
(362, 20, 16, 1, '2023-07-30 18:39:13', '2023-07-30 19:02:11'),
(363, 20, 17, 1, '2023-07-30 18:39:13', '2023-07-31 22:23:10'),
(364, 20, 18, 0, '2023-07-30 18:39:13', '2023-07-30 18:39:13'),
(365, 21, 1, 1, '2023-07-30 18:39:15', '2023-07-30 18:45:51'),
(366, 21, 2, 1, '2023-07-30 18:39:15', '2023-07-30 18:49:30'),
(367, 21, 3, 1, '2023-07-30 18:39:15', '2023-07-30 18:50:51'),
(368, 21, 4, 1, '2023-07-30 18:39:15', '2023-07-30 18:50:54'),
(369, 21, 5, 1, '2023-07-30 18:39:15', '2023-07-30 18:50:58'),
(370, 21, 6, 1, '2023-07-30 18:39:15', '2023-07-30 18:59:37'),
(371, 21, 7, 1, '2023-07-30 18:39:15', '2023-07-30 19:00:48'),
(372, 21, 8, 1, '2023-07-30 18:39:15', '2023-07-30 19:00:51'),
(373, 21, 9, 1, '2023-07-30 18:39:15', '2023-07-30 19:00:55'),
(374, 21, 10, 1, '2023-07-30 18:39:15', '2023-07-30 19:00:57'),
(375, 21, 11, 1, '2023-07-30 18:39:15', '2023-07-30 19:09:53'),
(376, 21, 12, 1, '2023-07-30 18:39:15', '2023-07-30 19:10:07'),
(377, 21, 13, 1, '2023-07-30 18:39:15', '2023-07-30 19:10:14'),
(378, 21, 14, 1, '2023-07-30 18:39:15', '2023-07-30 19:10:17'),
(379, 21, 15, 1, '2023-07-30 18:39:15', '2023-07-30 19:10:20'),
(380, 21, 16, 1, '2023-07-30 18:39:15', '2023-07-30 19:10:22'),
(381, 21, 17, 1, '2023-07-30 18:39:15', '2023-07-31 22:24:40'),
(382, 21, 18, 0, '2023-07-30 18:39:15', '2023-07-30 18:39:15'),
(383, 22, 1, 1, '2023-07-30 18:39:24', '2023-07-30 18:44:16'),
(384, 22, 2, 1, '2023-07-30 18:39:24', '2023-07-30 18:50:49'),
(385, 22, 3, 1, '2023-07-30 18:39:24', '2023-07-30 18:51:37'),
(386, 22, 4, 1, '2023-07-30 18:39:24', '2023-07-30 18:51:42'),
(387, 22, 5, 1, '2023-07-30 18:39:24', '2023-07-30 18:51:51'),
(388, 22, 6, 1, '2023-07-30 18:39:24', '2023-07-30 18:56:45'),
(389, 22, 7, 1, '2023-07-30 18:39:24', '2023-07-30 19:00:51'),
(390, 22, 8, 1, '2023-07-30 18:39:24', '2023-07-30 19:00:54'),
(391, 22, 9, 1, '2023-07-30 18:39:24', '2023-07-30 19:01:00'),
(392, 22, 10, 1, '2023-07-30 18:39:24', '2023-07-30 19:01:06'),
(393, 22, 11, 1, '2023-07-30 18:39:24', '2023-07-30 19:04:46'),
(394, 22, 12, 1, '2023-07-30 18:39:24', '2023-07-30 19:04:53'),
(395, 22, 13, 1, '2023-07-30 18:39:24', '2023-07-30 19:04:56'),
(396, 22, 14, 1, '2023-07-30 18:39:24', '2023-07-30 19:04:58'),
(397, 22, 15, 1, '2023-07-30 18:39:24', '2023-07-30 19:05:00'),
(398, 22, 16, 1, '2023-07-30 18:39:24', '2023-07-30 19:05:02'),
(399, 22, 17, 1, '2023-07-30 18:39:24', '2023-08-04 22:45:00'),
(400, 22, 18, 0, '2023-07-30 18:39:24', '2023-07-30 18:39:24'),
(401, 23, 1, 1, '2023-07-30 18:39:40', '2023-07-30 18:42:28'),
(402, 23, 2, 1, '2023-07-30 18:39:40', '2023-07-30 18:44:34'),
(403, 23, 3, 1, '2023-07-30 18:39:40', '2023-07-30 18:45:33'),
(404, 23, 4, 1, '2023-07-30 18:39:40', '2023-07-30 18:46:26'),
(405, 23, 5, 1, '2023-07-30 18:39:40', '2023-07-30 18:47:37'),
(406, 23, 6, 1, '2023-07-30 18:39:40', '2023-07-30 18:59:25'),
(407, 23, 7, 1, '2023-07-30 18:39:40', '2023-07-30 19:14:05'),
(408, 23, 8, 1, '2023-07-30 18:39:40', '2023-07-30 19:14:40'),
(409, 23, 9, 1, '2023-07-30 18:39:40', '2023-07-30 19:14:55'),
(410, 23, 10, 1, '2023-07-30 18:39:40', '2023-07-30 19:15:18'),
(411, 23, 11, 1, '2023-07-30 18:39:40', '2023-07-30 19:24:03'),
(412, 23, 12, 1, '2023-07-30 18:39:40', '2023-07-30 19:25:54'),
(413, 23, 13, 1, '2023-07-30 18:39:40', '2023-07-30 19:27:38'),
(414, 23, 14, 1, '2023-07-30 18:39:40', '2023-07-30 19:28:01'),
(415, 23, 15, 1, '2023-07-30 18:39:40', '2023-07-30 19:28:16'),
(416, 23, 16, 1, '2023-07-30 18:39:40', '2023-07-30 19:28:38'),
(417, 23, 17, 1, '2023-07-30 18:39:40', '2023-07-31 22:25:23'),
(418, 23, 18, 0, '2023-07-30 18:39:40', '2023-07-30 18:39:40'),
(419, 24, 1, 1, '2023-07-30 18:40:19', '2023-07-30 18:41:45'),
(420, 24, 2, 1, '2023-07-30 18:40:19', '2023-07-30 18:42:09'),
(421, 24, 3, 1, '2023-07-30 18:40:19', '2023-07-30 18:42:23'),
(422, 24, 4, 1, '2023-07-30 18:40:19', '2023-07-30 18:43:02'),
(423, 24, 5, 1, '2023-07-30 18:40:19', '2023-07-30 18:43:42'),
(424, 24, 6, 1, '2023-07-30 18:40:19', '2023-07-30 18:51:16'),
(425, 24, 7, 1, '2023-07-30 18:40:19', '2023-07-30 18:55:07'),
(426, 24, 8, 1, '2023-07-30 18:40:19', '2023-07-30 18:55:29'),
(427, 24, 9, 1, '2023-07-30 18:40:19', '2023-07-30 18:55:35'),
(428, 24, 10, 1, '2023-07-30 18:40:19', '2023-07-30 18:55:40'),
(429, 24, 11, 1, '2023-07-30 18:40:19', '2023-07-30 19:05:45'),
(430, 24, 12, 1, '2023-07-30 18:40:19', '2023-07-30 19:05:55'),
(431, 24, 13, 1, '2023-07-30 18:40:19', '2023-07-30 19:05:58'),
(432, 24, 14, 1, '2023-07-30 18:40:19', '2023-07-30 19:06:02'),
(433, 24, 15, 1, '2023-07-30 18:40:19', '2023-07-30 19:06:05'),
(434, 24, 16, 1, '2023-07-30 18:40:19', '2023-07-30 19:06:08'),
(435, 24, 17, 1, '2023-07-30 18:40:19', '2023-07-31 22:25:52'),
(436, 24, 18, 0, '2023-07-30 18:40:19', '2023-07-30 18:40:19'),
(437, 25, 19, 1, '2023-08-03 20:17:31', '2023-08-03 20:19:30'),
(438, 25, 20, 1, '2023-08-03 20:17:31', '2023-08-03 20:19:56'),
(439, 25, 21, 1, '2023-08-03 20:17:31', '2023-08-03 20:22:34'),
(440, 25, 22, 1, '2023-08-03 20:17:31', '2023-08-03 20:24:29'),
(441, 25, 23, 1, '2023-08-03 20:17:31', '2023-08-03 20:25:37'),
(442, 25, 24, 1, '2023-08-03 20:17:31', '2023-08-03 20:27:00'),
(443, 25, 25, 1, '2023-08-03 20:17:31', '2023-08-03 20:27:38'),
(444, 25, 26, 1, '2023-08-03 20:17:31', '2023-08-03 20:28:15'),
(445, 25, 27, 1, '2023-08-03 20:17:31', '2023-08-03 20:28:36'),
(446, 25, 28, 1, '2023-08-03 20:17:31', '2023-08-03 20:30:09'),
(447, 25, 29, 1, '2023-08-03 20:17:31', '2023-08-03 20:30:47'),
(448, 25, 30, 1, '2023-08-03 20:17:31', '2023-08-03 20:31:49'),
(449, 25, 31, 1, '2023-08-03 20:17:31', '2023-08-03 20:32:19'),
(450, 25, 32, 1, '2023-08-03 20:17:31', '2023-08-03 20:33:05'),
(451, 25, 33, 1, '2023-08-03 20:17:31', '2023-08-03 20:33:47'),
(452, 25, 34, 1, '2023-08-03 20:17:31', '2023-08-03 20:34:28'),
(453, 25, 35, 1, '2023-08-03 20:17:31', '2023-08-03 20:36:21'),
(454, 25, 36, 1, '2023-08-03 20:17:31', '2023-08-03 20:36:33'),
(455, 25, 37, 1, '2023-08-03 20:17:31', '2023-08-03 20:41:25'),
(456, 25, 38, 1, '2023-08-03 20:17:31', '2023-08-03 20:41:56'),
(457, 25, 39, 1, '2023-08-03 20:17:31', '2023-08-03 20:42:01'),
(458, 25, 40, 0, '2023-08-03 20:17:31', '2023-08-03 20:17:31'),
(459, 26, 19, 1, '2023-08-03 20:19:09', '2023-08-03 20:21:45'),
(460, 26, 20, 1, '2023-08-03 20:19:09', '2023-08-03 20:22:23'),
(461, 26, 21, 1, '2023-08-03 20:19:09', '2023-08-03 20:23:24'),
(462, 26, 22, 1, '2023-08-03 20:19:09', '2023-08-03 20:24:31'),
(463, 26, 23, 1, '2023-08-03 20:19:09', '2023-08-03 20:25:16'),
(464, 26, 24, 1, '2023-08-03 20:19:09', '2023-08-03 20:25:38'),
(465, 26, 25, 1, '2023-08-03 20:19:09', '2023-08-03 20:25:42'),
(466, 26, 26, 1, '2023-08-03 20:19:09', '2023-08-03 20:25:55'),
(467, 26, 27, 1, '2023-08-03 20:19:09', '2023-08-03 20:26:05'),
(468, 26, 28, 1, '2023-08-03 20:19:09', '2023-08-03 20:26:19'),
(469, 26, 29, 1, '2023-08-03 20:19:09', '2023-08-03 20:26:23'),
(470, 26, 30, 1, '2023-08-03 20:19:09', '2023-08-03 20:26:26'),
(471, 26, 31, 1, '2023-08-03 20:19:09', '2023-08-03 20:26:32'),
(472, 26, 32, 1, '2023-08-03 20:19:09', '2023-08-03 20:26:36'),
(473, 26, 33, 1, '2023-08-03 20:19:09', '2023-08-03 20:26:42'),
(474, 26, 34, 1, '2023-08-03 20:19:09', '2023-08-03 20:28:52'),
(475, 26, 35, 1, '2023-08-03 20:19:09', '2023-08-03 20:28:54'),
(476, 26, 36, 1, '2023-08-03 20:19:09', '2023-08-03 20:28:56'),
(477, 26, 37, 1, '2023-08-03 20:19:09', '2023-08-03 20:39:42'),
(478, 26, 38, 1, '2023-08-03 20:19:09', '2023-08-03 20:42:09'),
(479, 26, 39, 1, '2023-08-03 20:19:09', '2023-08-03 20:42:15'),
(480, 26, 40, 0, '2023-08-03 20:19:09', '2023-08-03 20:19:09'),
(481, 27, 19, 1, '2023-08-03 20:19:23', '2023-08-03 20:20:34'),
(482, 27, 20, 1, '2023-08-03 20:19:23', '2023-08-03 20:20:58'),
(483, 27, 21, 1, '2023-08-03 20:19:23', '2023-08-03 20:23:33'),
(484, 27, 22, 1, '2023-08-03 20:19:23', '2023-08-03 20:23:45'),
(485, 27, 23, 1, '2023-08-03 20:19:23', '2023-08-03 20:24:50'),
(486, 27, 24, 1, '2023-08-03 20:19:23', '2023-08-03 20:27:47'),
(487, 27, 25, 1, '2023-08-03 20:19:23', '2023-08-03 20:28:27'),
(488, 27, 26, 1, '2023-08-03 20:19:23', '2023-08-03 20:28:45'),
(489, 27, 27, 1, '2023-08-03 20:19:23', '2023-08-03 20:29:23'),
(490, 27, 28, 1, '2023-08-03 20:19:23', '2023-08-03 20:29:41'),
(491, 27, 29, 1, '2023-08-03 20:19:23', '2023-08-03 20:29:55'),
(492, 27, 30, 1, '2023-08-03 20:19:23', '2023-08-03 20:31:01'),
(493, 27, 31, 1, '2023-08-03 20:19:23', '2023-08-03 20:31:15'),
(494, 27, 32, 1, '2023-08-03 20:19:23', '2023-08-03 20:31:38'),
(495, 27, 33, 1, '2023-08-03 20:19:23', '2023-08-03 20:32:20'),
(496, 27, 34, 1, '2023-08-03 20:19:23', '2023-08-03 20:33:32'),
(497, 27, 35, 1, '2023-08-03 20:19:23', '2023-08-03 20:34:36'),
(498, 27, 36, 1, '2023-08-03 20:19:23', '2023-08-03 20:34:47'),
(499, 27, 37, 1, '2023-08-03 20:19:23', '2023-08-03 20:39:18'),
(500, 27, 38, 1, '2023-08-03 20:19:23', '2023-08-03 20:39:45'),
(501, 27, 39, 1, '2023-08-03 20:19:23', '2023-08-03 20:39:58'),
(502, 27, 40, 0, '2023-08-03 20:19:23', '2023-08-03 20:19:23'),
(503, 28, 19, 1, '2023-08-03 20:19:23', '2023-08-03 20:21:55'),
(504, 28, 20, 1, '2023-08-03 20:19:23', '2023-08-03 20:22:34'),
(505, 28, 21, 1, '2023-08-03 20:19:23', '2023-08-03 20:23:38'),
(506, 28, 22, 1, '2023-08-03 20:19:23', '2023-08-03 20:24:33'),
(507, 28, 23, 1, '2023-08-03 20:19:23', '2023-08-03 20:25:25'),
(508, 28, 24, 1, '2023-08-03 20:19:23', '2023-08-03 20:25:57'),
(509, 28, 25, 1, '2023-08-03 20:19:23', '2023-08-03 20:26:25'),
(510, 28, 26, 1, '2023-08-03 20:19:23', '2023-08-03 20:26:53'),
(511, 28, 27, 1, '2023-08-03 20:19:23', '2023-08-03 20:27:25'),
(512, 28, 28, 1, '2023-08-03 20:19:23', '2023-08-03 20:28:20'),
(513, 28, 29, 1, '2023-08-03 20:19:23', '2023-08-03 20:29:11'),
(514, 28, 30, 1, '2023-08-03 20:19:23', '2023-08-03 20:29:48'),
(515, 28, 31, 1, '2023-08-03 20:19:23', '2023-08-03 20:30:25'),
(516, 28, 32, 1, '2023-08-03 20:19:23', '2023-08-03 20:30:48'),
(517, 28, 33, 1, '2023-08-03 20:19:23', '2023-08-03 20:31:09'),
(518, 28, 34, 1, '2023-08-03 20:19:23', '2023-08-03 20:31:41'),
(519, 28, 35, 1, '2023-08-03 20:19:23', '2023-08-03 20:32:00'),
(520, 28, 36, 1, '2023-08-03 20:19:23', '2023-08-03 20:32:10'),
(521, 28, 37, 1, '2023-08-03 20:19:23', '2023-08-03 20:40:51'),
(522, 28, 38, 1, '2023-08-03 20:19:23', '2023-08-03 20:41:04'),
(523, 28, 39, 1, '2023-08-03 20:19:23', '2023-08-03 20:41:11'),
(524, 28, 40, 0, '2023-08-03 20:19:23', '2023-08-03 20:19:23'),
(525, 29, 19, 1, '2023-08-03 20:19:24', '2023-08-03 20:21:06'),
(526, 29, 20, 1, '2023-08-03 20:19:24', '2023-08-03 20:21:11'),
(527, 29, 21, 1, '2023-08-03 20:19:24', '2023-08-03 20:21:14'),
(528, 29, 22, 1, '2023-08-03 20:19:24', '2023-08-03 20:21:22'),
(529, 29, 23, 1, '2023-08-03 20:19:24', '2023-08-03 20:21:28'),
(530, 29, 24, 1, '2023-08-03 20:19:24', '2023-08-03 20:21:33'),
(531, 29, 25, 1, '2023-08-03 20:19:24', '2023-08-03 20:21:37'),
(532, 29, 26, 1, '2023-08-03 20:19:24', '2023-08-03 20:21:41'),
(533, 29, 27, 1, '2023-08-03 20:19:24', '2023-08-03 20:21:46'),
(534, 29, 28, 1, '2023-08-03 20:19:24', '2023-08-03 20:21:49'),
(535, 29, 29, 1, '2023-08-03 20:19:24', '2023-08-03 20:21:53'),
(536, 29, 30, 1, '2023-08-03 20:19:24', '2023-08-03 20:21:57'),
(537, 29, 31, 1, '2023-08-03 20:19:24', '2023-08-03 20:22:01'),
(538, 29, 32, 1, '2023-08-03 20:19:24', '2023-08-03 20:22:08'),
(539, 29, 33, 1, '2023-08-03 20:19:24', '2023-08-03 20:22:21'),
(540, 29, 34, 1, '2023-08-03 20:19:24', '2023-08-03 20:22:25'),
(541, 29, 35, 1, '2023-08-03 20:19:24', '2023-08-03 20:22:35'),
(542, 29, 36, 1, '2023-08-03 20:19:24', '2023-08-03 20:22:38'),
(543, 29, 37, 1, '2023-08-03 20:19:24', '2023-08-03 20:38:12'),
(544, 29, 38, 1, '2023-08-03 20:19:24', '2023-08-03 20:40:10'),
(545, 29, 39, 1, '2023-08-03 20:19:24', '2023-08-03 20:40:16'),
(546, 29, 40, 0, '2023-08-03 20:19:24', '2023-08-03 20:19:24'),
(547, 30, 19, 1, '2023-08-03 20:19:24', '2023-08-03 20:28:26'),
(548, 30, 20, 1, '2023-08-03 20:19:24', '2023-08-03 20:28:47'),
(549, 30, 21, 1, '2023-08-03 20:19:24', '2023-08-03 20:31:41'),
(550, 30, 22, 1, '2023-08-03 20:19:24', '2023-08-03 20:32:09'),
(551, 30, 23, 1, '2023-08-03 20:19:24', '2023-08-03 20:32:35'),
(552, 30, 24, 1, '2023-08-03 20:19:24', '2023-08-03 20:32:49'),
(553, 30, 25, 1, '2023-08-03 20:19:24', '2023-08-03 20:33:24'),
(554, 30, 26, 1, '2023-08-03 20:19:24', '2023-08-03 20:33:29'),
(555, 30, 27, 1, '2023-08-03 20:19:24', '2023-08-03 20:33:35'),
(556, 30, 28, 1, '2023-08-03 20:19:24', '2023-08-03 20:33:39'),
(557, 30, 29, 1, '2023-08-03 20:19:24', '2023-08-03 20:33:42'),
(558, 30, 30, 1, '2023-08-03 20:19:24', '2023-08-03 20:33:47'),
(559, 30, 31, 1, '2023-08-03 20:19:24', '2023-08-03 20:33:51'),
(560, 30, 32, 1, '2023-08-03 20:19:24', '2023-08-03 20:33:54'),
(561, 30, 33, 1, '2023-08-03 20:19:24', '2023-08-03 20:34:06'),
(562, 30, 34, 1, '2023-08-03 20:19:24', '2023-08-03 20:34:13'),
(563, 30, 35, 1, '2023-08-03 20:19:24', '2023-08-03 20:34:16'),
(564, 30, 36, 1, '2023-08-03 20:19:24', '2023-08-03 20:34:20'),
(565, 30, 37, 1, '2023-08-03 20:19:24', '2023-08-03 20:39:38'),
(566, 30, 38, 1, '2023-08-03 20:19:24', '2023-08-03 20:40:43'),
(567, 30, 39, 1, '2023-08-03 20:19:24', '2023-08-03 20:40:48'),
(568, 30, 40, 0, '2023-08-03 20:19:24', '2023-08-03 20:19:24'),
(569, 31, 19, 1, '2023-08-03 20:19:24', '2023-08-03 20:21:39'),
(570, 31, 20, 1, '2023-08-03 20:19:24', '2023-08-03 20:22:41'),
(571, 31, 21, 1, '2023-08-03 20:19:24', '2023-08-03 20:23:11'),
(572, 31, 22, 1, '2023-08-03 20:19:24', '2023-08-03 20:25:21'),
(573, 31, 23, 1, '2023-08-03 20:19:24', '2023-08-03 20:25:32'),
(574, 31, 24, 1, '2023-08-03 20:19:24', '2023-08-03 20:25:36'),
(575, 31, 25, 1, '2023-08-03 20:19:24', '2023-08-03 20:26:32'),
(576, 31, 26, 1, '2023-08-03 20:19:24', '2023-08-03 20:26:36'),
(577, 31, 27, 1, '2023-08-03 20:19:24', '2023-08-03 20:27:03'),
(578, 31, 28, 1, '2023-08-03 20:19:24', '2023-08-03 20:27:35'),
(579, 31, 29, 1, '2023-08-03 20:19:24', '2023-08-03 20:27:39'),
(580, 31, 30, 1, '2023-08-03 20:19:24', '2023-08-03 20:27:43'),
(581, 31, 31, 1, '2023-08-03 20:19:24', '2023-08-03 20:27:47'),
(582, 31, 32, 1, '2023-08-03 20:19:24', '2023-08-03 20:27:55'),
(583, 31, 33, 1, '2023-08-03 20:19:24', '2023-08-03 20:28:07'),
(584, 31, 34, 1, '2023-08-03 20:19:24', '2023-08-03 20:28:16'),
(585, 31, 35, 1, '2023-08-03 20:19:24', '2023-08-03 20:28:22'),
(586, 31, 36, 1, '2023-08-03 20:19:24', '2023-08-03 20:28:25'),
(587, 31, 37, 1, '2023-08-03 20:19:24', '2023-08-03 20:39:42'),
(588, 31, 38, 1, '2023-08-03 20:19:24', '2023-08-03 20:40:39'),
(589, 31, 39, 1, '2023-08-03 20:19:24', '2023-08-03 20:40:42'),
(590, 31, 40, 0, '2023-08-03 20:19:24', '2023-08-03 20:19:24'),
(591, 32, 19, 1, '2023-08-03 20:19:25', '2023-08-03 20:20:58'),
(592, 32, 20, 1, '2023-08-03 20:19:25', '2023-08-03 20:21:14'),
(593, 32, 21, 1, '2023-08-03 20:19:25', '2023-08-03 20:21:24'),
(594, 32, 22, 1, '2023-08-03 20:19:25', '2023-08-03 20:22:35'),
(595, 32, 23, 1, '2023-08-03 20:19:25', '2023-08-03 20:22:55'),
(596, 32, 24, 1, '2023-08-03 20:19:25', '2023-08-03 20:23:11'),
(597, 32, 25, 1, '2023-08-03 20:19:25', '2023-08-03 20:23:21'),
(598, 32, 26, 1, '2023-08-03 20:19:25', '2023-08-03 20:23:35'),
(599, 32, 27, 1, '2023-08-03 20:19:25', '2023-08-03 20:23:45'),
(600, 32, 28, 1, '2023-08-03 20:19:25', '2023-08-03 20:23:58'),
(601, 32, 29, 1, '2023-08-03 20:19:25', '2023-08-03 20:25:47'),
(602, 32, 30, 1, '2023-08-03 20:19:25', '2023-08-03 20:26:07'),
(603, 32, 31, 1, '2023-08-03 20:19:25', '2023-08-03 20:26:24'),
(604, 32, 32, 1, '2023-08-03 20:19:25', '2023-08-03 20:26:34'),
(605, 32, 33, 1, '2023-08-03 20:19:25', '2023-08-03 20:27:14'),
(606, 32, 34, 1, '2023-08-03 20:19:25', '2023-08-03 20:28:16'),
(607, 32, 35, 1, '2023-08-03 20:19:25', '2023-08-03 20:28:22'),
(608, 32, 36, 1, '2023-08-03 20:19:25', '2023-08-03 20:28:35'),
(609, 32, 37, 1, '2023-08-03 20:19:25', '2023-08-03 20:34:13'),
(610, 32, 38, 1, '2023-08-03 20:19:25', '2023-08-03 20:40:41'),
(611, 32, 39, 1, '2023-08-03 20:19:25', '2023-08-03 20:40:48'),
(612, 32, 40, 0, '2023-08-03 20:19:25', '2023-08-03 20:19:25'),
(613, 33, 19, 1, '2023-08-03 20:19:25', '2023-08-03 20:22:04'),
(614, 33, 20, 1, '2023-08-03 20:19:25', '2023-08-03 20:22:22'),
(615, 33, 21, 1, '2023-08-03 20:19:25', '2023-08-03 20:24:14'),
(616, 33, 22, 1, '2023-08-03 20:19:25', '2023-08-03 20:26:00'),
(617, 33, 23, 1, '2023-08-03 20:19:25', '2023-08-03 20:28:15'),
(618, 33, 24, 1, '2023-08-03 20:19:25', '2023-08-03 20:28:18'),
(619, 33, 25, 1, '2023-08-03 20:19:25', '2023-08-03 20:28:22'),
(620, 33, 26, 1, '2023-08-03 20:19:25', '2023-08-03 20:28:28'),
(621, 33, 27, 1, '2023-08-03 20:19:25', '2023-08-03 20:28:43'),
(622, 33, 28, 1, '2023-08-03 20:19:25', '2023-08-03 20:28:45'),
(623, 33, 29, 1, '2023-08-03 20:19:25', '2023-08-03 20:28:50'),
(624, 33, 30, 1, '2023-08-03 20:19:25', '2023-08-03 20:28:57'),
(625, 33, 31, 1, '2023-08-03 20:19:25', '2023-08-03 20:29:18'),
(626, 33, 32, 1, '2023-08-03 20:19:25', '2023-08-03 20:29:22'),
(627, 33, 33, 1, '2023-08-03 20:19:25', '2023-08-03 20:29:29'),
(628, 33, 34, 1, '2023-08-03 20:19:25', '2023-08-03 20:29:35'),
(629, 33, 35, 1, '2023-08-03 20:19:25', '2023-08-03 20:29:39'),
(630, 33, 36, 1, '2023-08-03 20:19:25', '2023-08-03 20:29:56'),
(631, 33, 37, 1, '2023-08-03 20:19:25', '2023-08-03 20:37:33'),
(632, 33, 38, 1, '2023-08-03 20:19:25', '2023-08-03 20:37:41'),
(633, 33, 39, 1, '2023-08-03 20:19:25', '2023-08-03 20:37:47'),
(634, 33, 40, 0, '2023-08-03 20:19:25', '2023-08-03 20:19:25'),
(635, 34, 19, 1, '2023-08-03 20:19:25', '2023-08-03 20:22:21'),
(636, 34, 20, 1, '2023-08-03 20:19:25', '2023-08-03 20:22:58'),
(637, 34, 21, 1, '2023-08-03 20:19:25', '2023-08-03 20:24:43'),
(638, 34, 22, 1, '2023-08-03 20:19:25', '2023-08-03 20:26:29'),
(639, 34, 23, 1, '2023-08-03 20:19:25', '2023-08-03 20:27:45'),
(640, 34, 24, 1, '2023-08-03 20:19:25', '2023-08-03 20:28:19'),
(641, 34, 25, 1, '2023-08-03 20:19:25', '2023-08-03 20:29:16'),
(642, 34, 26, 1, '2023-08-03 20:19:25', '2023-08-03 20:30:10'),
(643, 34, 27, 1, '2023-08-03 20:19:25', '2023-08-03 20:30:33'),
(644, 34, 28, 1, '2023-08-03 20:19:25', '2023-08-03 20:31:08'),
(645, 34, 29, 1, '2023-08-03 20:19:25', '2023-08-03 20:32:07'),
(646, 34, 30, 1, '2023-08-03 20:19:25', '2023-08-03 20:33:23'),
(647, 34, 31, 1, '2023-08-03 20:19:25', '2023-08-03 20:33:45'),
(648, 34, 32, 1, '2023-08-03 20:19:25', '2023-08-03 20:33:59'),
(649, 34, 33, 1, '2023-08-03 20:19:25', '2023-08-03 20:34:18'),
(650, 34, 34, 1, '2023-08-03 20:19:25', '2023-08-03 20:34:40'),
(651, 34, 35, 1, '2023-08-03 20:19:25', '2023-08-03 20:34:52'),
(652, 34, 36, 1, '2023-08-03 20:19:25', '2023-08-03 20:35:09'),
(653, 34, 37, 1, '2023-08-03 20:19:25', '2023-08-03 20:39:38'),
(654, 34, 38, 1, '2023-08-03 20:19:25', '2023-08-03 20:40:44'),
(655, 34, 39, 1, '2023-08-03 20:19:25', '2023-08-03 20:41:08'),
(656, 34, 40, 0, '2023-08-03 20:19:25', '2023-08-03 20:19:25'),
(657, 35, 19, 1, '2023-08-03 20:19:26', '2023-08-03 20:20:52'),
(658, 35, 20, 1, '2023-08-03 20:19:26', '2023-08-03 20:21:13'),
(659, 35, 21, 1, '2023-08-03 20:19:26', '2023-08-03 20:22:47'),
(660, 35, 22, 1, '2023-08-03 20:19:26', '2023-08-03 20:23:45'),
(661, 35, 23, 1, '2023-08-03 20:19:26', '2023-08-03 20:24:12'),
(662, 35, 24, 1, '2023-08-03 20:19:26', '2023-08-03 20:24:37'),
(663, 35, 25, 1, '2023-08-03 20:19:26', '2023-08-03 20:25:28'),
(664, 35, 26, 1, '2023-08-03 20:19:26', '2023-08-03 20:25:36'),
(665, 35, 27, 1, '2023-08-03 20:19:26', '2023-08-03 20:25:39'),
(666, 35, 28, 1, '2023-08-03 20:19:26', '2023-08-03 20:25:46'),
(667, 35, 29, 1, '2023-08-03 20:19:26', '2023-08-03 20:25:50'),
(668, 35, 30, 1, '2023-08-03 20:19:26', '2023-08-03 20:25:57'),
(669, 35, 31, 1, '2023-08-03 20:19:26', '2023-08-03 20:26:02'),
(670, 35, 32, 1, '2023-08-03 20:19:26', '2023-08-03 20:26:05'),
(671, 35, 33, 1, '2023-08-03 20:19:26', '2023-08-03 20:26:46'),
(672, 35, 34, 1, '2023-08-03 20:19:26', '2023-08-03 20:26:50'),
(673, 35, 35, 1, '2023-08-03 20:19:26', '2023-08-03 20:29:17'),
(674, 35, 36, 1, '2023-08-03 20:19:26', '2023-08-03 20:29:23'),
(675, 35, 37, 1, '2023-08-03 20:19:26', '2023-08-03 20:38:25'),
(676, 35, 38, 1, '2023-08-03 20:19:26', '2023-08-03 20:39:56'),
(677, 35, 39, 1, '2023-08-03 20:19:26', '2023-08-03 20:40:00'),
(678, 35, 40, 0, '2023-08-03 20:19:26', '2023-08-03 20:19:26'),
(679, 36, 19, 1, '2023-08-03 20:19:26', '2023-08-03 20:22:35'),
(680, 36, 20, 1, '2023-08-03 20:19:26', '2023-08-03 20:22:51'),
(681, 36, 21, 1, '2023-08-03 20:19:26', '2023-08-03 20:25:34'),
(682, 36, 22, 1, '2023-08-03 20:19:26', '2023-08-03 20:29:45'),
(683, 36, 23, 1, '2023-08-03 20:19:26', '2023-08-03 20:31:16'),
(684, 36, 24, 1, '2023-08-03 20:19:26', '2023-08-03 20:31:36'),
(685, 36, 25, 1, '2023-08-03 20:19:26', '2023-08-03 20:32:25'),
(686, 36, 26, 1, '2023-08-03 20:19:26', '2023-08-03 20:33:08'),
(687, 36, 27, 1, '2023-08-03 20:19:26', '2023-08-03 20:33:54'),
(688, 36, 28, 1, '2023-08-03 20:19:26', '2023-08-03 20:34:20'),
(689, 36, 29, 1, '2023-08-03 20:19:26', '2023-08-03 20:34:41'),
(690, 36, 30, 1, '2023-08-03 20:19:26', '2023-08-03 20:35:02'),
(691, 36, 31, 1, '2023-08-03 20:19:26', '2023-08-03 20:35:23'),
(692, 36, 32, 1, '2023-08-03 20:19:26', '2023-08-03 20:35:41'),
(693, 36, 33, 1, '2023-08-03 20:19:26', '2023-08-03 20:36:16'),
(694, 36, 34, 1, '2023-08-03 20:19:26', '2023-08-03 20:36:24'),
(695, 36, 35, 1, '2023-08-03 20:19:26', '2023-08-03 20:36:39'),
(696, 36, 36, 1, '2023-08-03 20:19:26', '2023-08-03 20:36:57'),
(697, 36, 37, 1, '2023-08-03 20:19:26', '2023-08-03 20:40:57'),
(698, 36, 38, 1, '2023-08-03 20:19:26', '2023-08-03 20:41:12'),
(699, 36, 39, 1, '2023-08-03 20:19:26', '2023-08-03 20:41:22'),
(700, 36, 40, 0, '2023-08-03 20:19:26', '2023-08-03 20:19:26'),
(701, 37, 19, 1, '2023-08-03 20:19:27', '2023-08-03 20:22:22'),
(702, 37, 20, 1, '2023-08-03 20:19:27', '2023-08-03 20:22:42'),
(703, 37, 21, 1, '2023-08-03 20:19:27', '2023-08-03 20:28:19'),
(704, 37, 22, 1, '2023-08-03 20:19:27', '2023-08-03 20:28:42'),
(705, 37, 23, 1, '2023-08-03 20:19:27', '2023-08-03 20:33:50'),
(706, 37, 24, 1, '2023-08-03 20:19:27', '2023-08-03 20:34:50'),
(707, 37, 25, 1, '2023-08-03 20:19:27', '2023-08-03 20:34:54'),
(708, 37, 26, 1, '2023-08-03 20:19:27', '2023-08-03 20:34:57'),
(709, 37, 27, 1, '2023-08-03 20:19:27', '2023-08-03 20:35:00'),
(710, 37, 28, 1, '2023-08-03 20:19:27', '2023-08-03 20:35:03'),
(711, 37, 29, 1, '2023-08-03 20:19:27', '2023-08-03 20:35:07'),
(712, 37, 30, 1, '2023-08-03 20:19:27', '2023-08-03 20:35:23'),
(713, 37, 31, 1, '2023-08-03 20:19:27', '2023-08-03 20:35:30'),
(714, 37, 32, 1, '2023-08-03 20:19:27', '2023-08-03 20:35:34'),
(715, 37, 33, 1, '2023-08-03 20:19:27', '2023-08-03 20:35:38'),
(716, 37, 34, 1, '2023-08-03 20:19:27', '2023-08-03 20:35:41'),
(717, 37, 35, 1, '2023-08-03 20:19:27', '2023-08-03 20:35:44'),
(718, 37, 36, 1, '2023-08-03 20:19:27', '2023-08-03 20:35:48'),
(719, 37, 37, 1, '2023-08-03 20:19:27', '2023-08-03 20:39:43'),
(720, 37, 38, 1, '2023-08-03 20:19:27', '2023-08-03 20:41:58'),
(721, 37, 39, 1, '2023-08-03 20:19:27', '2023-08-03 20:42:04'),
(722, 37, 40, 0, '2023-08-03 20:19:27', '2023-08-03 20:19:27'),
(723, 38, 19, 1, '2023-08-03 20:19:28', '2023-08-03 20:20:05'),
(724, 38, 20, 1, '2023-08-03 20:19:28', '2023-08-03 20:20:40'),
(725, 38, 21, 1, '2023-08-03 20:19:28', '2023-08-03 20:22:27'),
(726, 38, 22, 1, '2023-08-03 20:19:28', '2023-08-03 20:22:44'),
(727, 38, 23, 1, '2023-08-03 20:19:28', '2023-08-03 20:22:57'),
(728, 38, 24, 1, '2023-08-03 20:19:28', '2023-08-03 20:23:07'),
(729, 38, 25, 1, '2023-08-03 20:19:28', '2023-08-03 20:23:16'),
(730, 38, 26, 1, '2023-08-03 20:19:28', '2023-08-03 20:23:30'),
(731, 38, 27, 1, '2023-08-03 20:19:28', '2023-08-03 20:23:34'),
(732, 38, 28, 1, '2023-08-03 20:19:28', '2023-08-03 20:23:43'),
(733, 38, 29, 1, '2023-08-03 20:19:28', '2023-08-03 20:23:52'),
(734, 38, 30, 1, '2023-08-03 20:19:28', '2023-08-03 20:24:06'),
(735, 38, 31, 1, '2023-08-03 20:19:28', '2023-08-03 20:24:11'),
(736, 38, 32, 1, '2023-08-03 20:19:28', '2023-08-03 20:24:22'),
(737, 38, 33, 1, '2023-08-03 20:19:28', '2023-08-03 20:24:53'),
(738, 38, 34, 1, '2023-08-03 20:19:28', '2023-08-03 20:25:21'),
(739, 38, 35, 1, '2023-08-03 20:19:28', '2023-08-03 20:25:32'),
(740, 38, 36, 1, '2023-08-03 20:19:28', '2023-08-03 20:26:00'),
(741, 38, 37, 1, '2023-08-03 20:19:28', '2023-08-03 20:42:22'),
(742, 38, 38, 0, '2023-08-03 20:19:28', '2023-08-03 20:19:28'),
(743, 38, 39, 0, '2023-08-03 20:19:28', '2023-08-03 20:19:28'),
(744, 38, 40, 0, '2023-08-03 20:19:28', '2023-08-03 20:19:28'),
(745, 39, 19, 1, '2023-08-03 20:19:30', '2023-08-03 20:22:13'),
(746, 39, 20, 1, '2023-08-03 20:19:30', '2023-08-03 20:22:34'),
(747, 39, 21, 1, '2023-08-03 20:19:30', '2023-08-03 20:23:39'),
(748, 39, 22, 1, '2023-08-03 20:19:30', '2023-08-03 20:25:00'),
(749, 39, 23, 1, '2023-08-03 20:19:30', '2023-08-03 20:26:23'),
(750, 39, 24, 1, '2023-08-03 20:19:30', '2023-08-03 20:27:01'),
(751, 39, 25, 1, '2023-08-03 20:19:30', '2023-08-03 20:27:37'),
(752, 39, 26, 1, '2023-08-03 20:19:30', '2023-08-03 20:27:40'),
(753, 39, 27, 1, '2023-08-03 20:19:30', '2023-08-03 20:27:43'),
(754, 39, 28, 1, '2023-08-03 20:19:30', '2023-08-03 20:27:56'),
(755, 39, 29, 1, '2023-08-03 20:19:30', '2023-08-03 20:28:00'),
(756, 39, 30, 1, '2023-08-03 20:19:30', '2023-08-03 20:28:03'),
(757, 39, 31, 1, '2023-08-03 20:19:30', '2023-08-03 20:28:10'),
(758, 39, 32, 1, '2023-08-03 20:19:30', '2023-08-03 20:28:13'),
(759, 39, 33, 1, '2023-08-03 20:19:30', '2023-08-03 20:28:18'),
(760, 39, 34, 1, '2023-08-03 20:19:30', '2023-08-03 20:28:24'),
(761, 39, 35, 1, '2023-08-03 20:19:30', '2023-08-03 20:28:29'),
(762, 39, 36, 1, '2023-08-03 20:19:30', '2023-08-03 20:28:36'),
(763, 39, 37, 1, '2023-08-03 20:19:30', '2023-08-03 20:32:44'),
(764, 39, 38, 1, '2023-08-03 20:19:30', '2023-08-03 20:32:59'),
(765, 39, 39, 1, '2023-08-03 20:19:30', '2023-08-03 20:33:03'),
(766, 39, 40, 0, '2023-08-03 20:19:30', '2023-08-03 20:19:30'),
(767, 40, 19, 1, '2023-08-03 20:19:34', '2023-08-03 20:21:39'),
(768, 40, 20, 1, '2023-08-03 20:19:34', '2023-08-03 20:23:18'),
(769, 40, 21, 1, '2023-08-03 20:19:34', '2023-08-03 20:24:40'),
(770, 40, 22, 1, '2023-08-03 20:19:34', '2023-08-03 20:27:26'),
(771, 40, 23, 1, '2023-08-03 20:19:34', '2023-08-03 20:29:47'),
(772, 40, 24, 1, '2023-08-03 20:19:34', '2023-08-03 20:31:18'),
(773, 40, 25, 1, '2023-08-03 20:19:34', '2023-08-03 20:31:38'),
(774, 40, 26, 1, '2023-08-03 20:19:34', '2023-08-03 20:32:01'),
(775, 40, 27, 1, '2023-08-03 20:19:34', '2023-08-03 20:32:21'),
(776, 40, 28, 1, '2023-08-03 20:19:34', '2023-08-03 20:33:35'),
(777, 40, 29, 1, '2023-08-03 20:19:34', '2023-08-03 20:33:44'),
(778, 40, 30, 1, '2023-08-03 20:19:34', '2023-08-03 20:35:34'),
(779, 40, 31, 1, '2023-08-03 20:19:34', '2023-08-03 20:35:50'),
(780, 40, 32, 1, '2023-08-03 20:19:34', '2023-08-03 20:35:55'),
(781, 40, 33, 1, '2023-08-03 20:19:34', '2023-08-03 20:36:01'),
(782, 40, 34, 1, '2023-08-03 20:19:34', '2023-08-03 20:36:07'),
(783, 40, 35, 1, '2023-08-03 20:19:34', '2023-08-03 20:36:12'),
(784, 40, 36, 1, '2023-08-03 20:19:34', '2023-08-03 20:36:19'),
(785, 40, 37, 1, '2023-08-03 20:19:34', '2023-08-03 20:39:58'),
(786, 40, 38, 1, '2023-08-03 20:19:34', '2023-08-03 20:40:22'),
(787, 40, 39, 1, '2023-08-03 20:19:34', '2023-08-03 20:40:28'),
(788, 40, 40, 0, '2023-08-03 20:19:34', '2023-08-03 20:19:34'),
(789, 41, 19, 1, '2023-08-03 20:19:34', '2023-08-03 20:20:31'),
(790, 41, 20, 1, '2023-08-03 20:19:34', '2023-08-03 20:23:39'),
(791, 41, 21, 1, '2023-08-03 20:19:34', '2023-08-03 20:24:41'),
(792, 41, 22, 1, '2023-08-03 20:19:34', '2023-08-03 20:26:46'),
(793, 41, 23, 1, '2023-08-03 20:19:34', '2023-08-03 20:26:55'),
(794, 41, 24, 1, '2023-08-03 20:19:34', '2023-08-03 20:26:59'),
(795, 41, 25, 1, '2023-08-03 20:19:34', '2023-08-03 20:27:02'),
(796, 41, 26, 1, '2023-08-03 20:19:34', '2023-08-03 20:27:04'),
(797, 41, 27, 1, '2023-08-03 20:19:34', '2023-08-03 20:27:14'),
(798, 41, 28, 1, '2023-08-03 20:19:34', '2023-08-03 20:27:23'),
(799, 41, 29, 1, '2023-08-03 20:19:34', '2023-08-03 20:27:25'),
(800, 41, 30, 1, '2023-08-03 20:19:34', '2023-08-03 20:27:32'),
(801, 41, 31, 1, '2023-08-03 20:19:34', '2023-08-03 20:27:39'),
(802, 41, 32, 1, '2023-08-03 20:19:34', '2023-08-03 20:27:43'),
(803, 41, 33, 1, '2023-08-03 20:19:34', '2023-08-03 20:27:46'),
(804, 41, 34, 1, '2023-08-03 20:19:34', '2023-08-03 20:27:52'),
(805, 41, 35, 1, '2023-08-03 20:19:34', '2023-08-03 20:27:54'),
(806, 41, 36, 1, '2023-08-03 20:19:34', '2023-08-03 20:27:56'),
(807, 41, 37, 1, '2023-08-03 20:19:34', '2023-08-03 20:40:27'),
(808, 41, 38, 1, '2023-08-03 20:19:34', '2023-08-03 20:40:40'),
(809, 41, 39, 1, '2023-08-03 20:19:34', '2023-08-03 20:43:15'),
(810, 41, 40, 0, '2023-08-03 20:19:34', '2023-08-03 20:19:34'),
(811, 42, 19, 1, '2023-08-03 20:19:46', '2023-08-03 20:24:30'),
(812, 42, 20, 1, '2023-08-03 20:19:46', '2023-08-03 20:24:37');
INSERT INTO `detail_learnings` (`id`, `learning_id`, `content_id`, `status`, `created_at`, `updated_at`) VALUES
(813, 42, 21, 1, '2023-08-03 20:19:46', '2023-08-03 20:24:40'),
(814, 42, 22, 1, '2023-08-03 20:19:46', '2023-08-03 20:24:45'),
(815, 42, 23, 1, '2023-08-03 20:19:46', '2023-08-03 20:24:49'),
(816, 42, 24, 1, '2023-08-03 20:19:46', '2023-08-03 20:24:56'),
(817, 42, 25, 1, '2023-08-03 20:19:46', '2023-08-03 20:25:03'),
(818, 42, 26, 1, '2023-08-03 20:19:46', '2023-08-03 20:25:07'),
(819, 42, 27, 1, '2023-08-03 20:19:46', '2023-08-03 20:25:13'),
(820, 42, 28, 1, '2023-08-03 20:19:46', '2023-08-03 20:25:17'),
(821, 42, 29, 1, '2023-08-03 20:19:46', '2023-08-03 20:25:19'),
(822, 42, 30, 1, '2023-08-03 20:19:46', '2023-08-03 20:25:25'),
(823, 42, 31, 1, '2023-08-03 20:19:46', '2023-08-03 20:25:29'),
(824, 42, 32, 1, '2023-08-03 20:19:46', '2023-08-03 20:25:32'),
(825, 42, 33, 1, '2023-08-03 20:19:46', '2023-08-03 20:25:40'),
(826, 42, 34, 1, '2023-08-03 20:19:46', '2023-08-03 20:25:46'),
(827, 42, 35, 1, '2023-08-03 20:19:46', '2023-08-03 20:25:52'),
(828, 42, 36, 1, '2023-08-03 20:19:46', '2023-08-03 20:25:58'),
(829, 42, 37, 1, '2023-08-03 20:19:46', '2023-08-03 20:40:57'),
(830, 42, 38, 1, '2023-08-03 20:19:46', '2023-08-03 20:41:18'),
(831, 42, 39, 1, '2023-08-03 20:19:46', '2023-08-03 20:41:23'),
(832, 42, 40, 0, '2023-08-03 20:19:46', '2023-08-03 20:19:46'),
(833, 43, 19, 1, '2023-08-03 20:19:51', '2023-08-03 20:21:55'),
(834, 43, 20, 1, '2023-08-03 20:19:51', '2023-08-03 20:22:48'),
(835, 43, 21, 1, '2023-08-03 20:19:51', '2023-08-03 20:24:40'),
(836, 43, 22, 1, '2023-08-03 20:19:51', '2023-08-03 20:25:43'),
(837, 43, 23, 1, '2023-08-03 20:19:51', '2023-08-03 20:26:51'),
(838, 43, 24, 1, '2023-08-03 20:19:51', '2023-08-03 20:29:25'),
(839, 43, 25, 1, '2023-08-03 20:19:51', '2023-08-03 20:29:30'),
(840, 43, 26, 1, '2023-08-03 20:19:51', '2023-08-03 20:29:33'),
(841, 43, 27, 1, '2023-08-03 20:19:51', '2023-08-03 20:29:37'),
(842, 43, 28, 1, '2023-08-03 20:19:51', '2023-08-03 20:29:42'),
(843, 43, 29, 1, '2023-08-03 20:19:51', '2023-08-03 20:29:47'),
(844, 43, 30, 1, '2023-08-03 20:19:51', '2023-08-03 20:29:56'),
(845, 43, 31, 1, '2023-08-03 20:19:51', '2023-08-03 20:30:10'),
(846, 43, 32, 1, '2023-08-03 20:19:51', '2023-08-03 20:30:17'),
(847, 43, 33, 1, '2023-08-03 20:19:51', '2023-08-03 20:31:27'),
(848, 43, 34, 1, '2023-08-03 20:19:51', '2023-08-03 20:31:51'),
(849, 43, 35, 1, '2023-08-03 20:19:51', '2023-08-03 20:32:47'),
(850, 43, 36, 1, '2023-08-03 20:19:51', '2023-08-03 20:32:54'),
(851, 43, 37, 1, '2023-08-03 20:19:51', '2023-08-03 20:38:59'),
(852, 43, 38, 1, '2023-08-03 20:19:51', '2023-08-03 20:39:48'),
(853, 43, 39, 1, '2023-08-03 20:19:51', '2023-08-03 20:40:05'),
(854, 43, 40, 0, '2023-08-03 20:19:51', '2023-08-03 20:19:51'),
(855, 44, 19, 1, '2023-08-03 20:21:04', '2023-08-03 20:21:24'),
(856, 44, 20, 1, '2023-08-03 20:21:04', '2023-08-03 20:24:06'),
(857, 44, 21, 1, '2023-08-03 20:21:04', '2023-08-03 20:24:11'),
(858, 44, 22, 1, '2023-08-03 20:21:04', '2023-08-03 20:24:15'),
(859, 44, 23, 1, '2023-08-03 20:21:04', '2023-08-03 20:24:26'),
(860, 44, 24, 1, '2023-08-03 20:21:04', '2023-08-03 20:24:55'),
(861, 44, 25, 1, '2023-08-03 20:21:04', '2023-08-03 20:25:00'),
(862, 44, 26, 1, '2023-08-03 20:21:04', '2023-08-03 20:25:05'),
(863, 44, 27, 1, '2023-08-03 20:21:04', '2023-08-03 20:25:08'),
(864, 44, 28, 1, '2023-08-03 20:21:04', '2023-08-03 20:25:13'),
(865, 44, 29, 1, '2023-08-03 20:21:04', '2023-08-03 20:25:15'),
(866, 44, 30, 1, '2023-08-03 20:21:04', '2023-08-03 20:27:40'),
(867, 44, 31, 1, '2023-08-03 20:21:04', '2023-08-03 20:28:21'),
(868, 44, 32, 1, '2023-08-03 20:21:04', '2023-08-03 20:28:23'),
(869, 44, 33, 1, '2023-08-03 20:21:04', '2023-08-03 20:32:22'),
(870, 44, 34, 1, '2023-08-03 20:21:04', '2023-08-03 20:33:16'),
(871, 44, 35, 1, '2023-08-03 20:21:04', '2023-08-03 20:33:25'),
(872, 44, 36, 1, '2023-08-03 20:21:04', '2023-08-03 20:33:42'),
(873, 44, 37, 1, '2023-08-03 20:21:04', '2023-08-03 20:38:29'),
(874, 44, 38, 1, '2023-08-03 20:21:04', '2023-08-03 20:39:09'),
(875, 44, 39, 1, '2023-08-03 20:21:04', '2023-08-03 20:39:12'),
(876, 44, 40, 0, '2023-08-03 20:21:04', '2023-08-03 20:21:04'),
(877, 45, 19, 1, '2023-08-03 20:22:00', '2023-08-03 20:25:12'),
(878, 45, 20, 1, '2023-08-03 20:22:00', '2023-08-03 20:25:28'),
(879, 45, 21, 1, '2023-08-03 20:22:00', '2023-08-03 20:25:39'),
(880, 45, 22, 1, '2023-08-03 20:22:00', '2023-08-03 20:31:34'),
(881, 45, 23, 1, '2023-08-03 20:22:00', '2023-08-03 20:32:03'),
(882, 45, 24, 1, '2023-08-03 20:22:00', '2023-08-03 20:32:08'),
(883, 45, 25, 1, '2023-08-03 20:22:00', '2023-08-03 20:32:12'),
(884, 45, 26, 1, '2023-08-03 20:22:00', '2023-08-03 20:32:16'),
(885, 45, 27, 1, '2023-08-03 20:22:00', '2023-08-03 20:32:23'),
(886, 45, 28, 1, '2023-08-03 20:22:00', '2023-08-03 20:32:27'),
(887, 45, 29, 1, '2023-08-03 20:22:00', '2023-08-03 20:32:30'),
(888, 45, 30, 1, '2023-08-03 20:22:00', '2023-08-03 20:32:35'),
(889, 45, 31, 1, '2023-08-03 20:22:00', '2023-08-03 20:32:40'),
(890, 45, 32, 1, '2023-08-03 20:22:00', '2023-08-03 20:32:43'),
(891, 45, 33, 1, '2023-08-03 20:22:00', '2023-08-03 20:32:47'),
(892, 45, 34, 1, '2023-08-03 20:22:00', '2023-08-03 20:32:56'),
(893, 45, 35, 1, '2023-08-03 20:22:00', '2023-08-03 20:33:04'),
(894, 45, 36, 1, '2023-08-03 20:22:00', '2023-08-03 20:33:08'),
(895, 45, 37, 1, '2023-08-03 20:22:00', '2023-08-03 20:39:48'),
(896, 45, 38, 0, '2023-08-03 20:22:00', '2023-08-03 20:22:00'),
(897, 45, 39, 0, '2023-08-03 20:22:00', '2023-08-03 20:22:00'),
(898, 45, 40, 0, '2023-08-03 20:22:00', '2023-08-03 20:22:00');

-- --------------------------------------------------------

--
-- Table structure for table `detail_quiz_takens`
--

CREATE TABLE `detail_quiz_takens` (
  `id` bigint(20) UNSIGNED NOT NULL,
  `quiz_taken_id` bigint(20) UNSIGNED NOT NULL,
  `question_id` bigint(20) UNSIGNED NOT NULL,
  `answer_id` int(11) DEFAULT NULL,
  `current_point` int(11) NOT NULL DEFAULT 3,
  `status` int(11) NOT NULL DEFAULT 0,
  `is_true` tinyint(1) NOT NULL DEFAULT 0,
  `created_at` timestamp NULL DEFAULT NULL,
  `updated_at` timestamp NULL DEFAULT NULL
) ENGINE=InnoDB DEFAULT CHARSET=utf8mb4 COLLATE=utf8mb4_unicode_ci;

--
-- Dumping data for table `detail_quiz_takens`
--

INSERT INTO `detail_quiz_takens` (`id`, `quiz_taken_id`, `question_id`, `answer_id`, `current_point`, `status`, `is_true`, `created_at`, `updated_at`) VALUES
(1, 1, 1, 3, 3, 2, 1, '2023-07-14 00:56:48', '2023-07-14 01:09:31'),
(2, 1, 2, 5, 3, 2, 1, '2023-07-14 00:56:48', '2023-07-14 01:09:44'),
(3, 1, 3, 12, 3, 2, 1, '2023-07-14 00:56:49', '2023-07-14 01:09:54'),
(4, 2, 4, 16, 3, 2, 1, '2023-07-14 00:56:52', '2023-07-14 01:32:43'),
(5, 2, 5, 19, 3, 2, 1, '2023-07-14 00:56:52', '2023-07-14 01:33:00'),
(6, 2, 6, 21, 3, 2, 1, '2023-07-14 00:56:53', '2023-07-14 01:33:10'),
(7, 3, 7, NULL, 3, 0, 0, '2023-07-14 02:16:26', '2023-07-14 02:16:26'),
(8, 3, 8, NULL, 3, 0, 0, '2023-07-14 02:16:26', '2023-07-14 02:16:26'),
(9, 3, 9, NULL, 3, 0, 0, '2023-07-14 02:16:26', '2023-07-14 02:16:26'),
(10, 3, 10, NULL, 3, 0, 0, '2023-07-14 02:16:26', '2023-07-14 02:16:26'),
(11, 3, 11, NULL, 3, 0, 0, '2023-07-14 02:16:26', '2023-07-14 02:16:26'),
(12, 3, 12, NULL, 3, 0, 0, '2023-07-14 02:16:26', '2023-07-14 02:16:26'),
(13, 3, 13, NULL, 3, 0, 0, '2023-07-14 02:16:26', '2023-07-14 02:16:26'),
(14, 3, 14, NULL, 3, 0, 0, '2023-07-14 02:16:26', '2023-07-14 02:16:26'),
(15, 3, 15, NULL, 3, 0, 0, '2023-07-14 02:16:26', '2023-07-14 02:16:26'),
(16, 3, 16, NULL, 3, 0, 0, '2023-07-14 02:16:26', '2023-07-14 02:16:26'),
(17, 4, 1, 3, 3, 2, 1, '2023-07-30 18:38:32', '2023-07-30 18:43:44'),
(18, 4, 2, 5, 3, 2, 1, '2023-07-30 18:38:32', '2023-07-30 18:43:59'),
(19, 4, 3, 12, 3, 2, 1, '2023-07-30 18:38:32', '2023-07-30 18:44:09'),
(20, 5, 4, 16, 3, 2, 1, '2023-07-30 18:38:32', '2023-07-30 18:46:24'),
(21, 5, 5, 19, 3, 2, 1, '2023-07-30 18:38:32', '2023-07-30 18:46:33'),
(22, 5, 6, 21, 3, 2, 1, '2023-07-30 18:38:32', '2023-07-30 18:46:57'),
(23, 6, 1, 3, 3, 2, 1, '2023-07-30 18:39:07', '2023-07-30 18:54:53'),
(24, 6, 2, 5, 3, 2, 1, '2023-07-30 18:39:07', '2023-07-30 18:56:04'),
(25, 6, 3, 12, 3, 2, 1, '2023-07-30 18:39:07', '2023-07-30 18:56:33'),
(26, 7, 4, 16, 3, 2, 1, '2023-07-30 18:39:07', '2023-07-30 19:25:53'),
(27, 7, 5, 19, 3, 2, 1, '2023-07-30 18:39:07', '2023-07-30 19:25:59'),
(28, 7, 6, 21, 3, 2, 1, '2023-07-30 18:39:07', '2023-07-30 19:26:09'),
(29, 8, 1, 3, 3, 2, 1, '2023-07-30 18:39:08', '2023-07-30 18:54:53'),
(30, 8, 2, 5, 3, 2, 1, '2023-07-30 18:39:08', '2023-07-30 18:56:07'),
(31, 8, 3, 12, 3, 2, 1, '2023-07-30 18:39:08', '2023-07-30 18:56:30'),
(32, 9, 4, 16, 3, 2, 1, '2023-07-30 18:39:08', '2023-07-30 19:21:33'),
(33, 9, 5, 19, 2, 2, 1, '2023-07-30 18:39:08', '2023-07-30 19:22:42'),
(34, 9, 6, 21, 3, 2, 1, '2023-07-30 18:39:08', '2023-07-30 19:23:37'),
(35, 10, 1, 3, 3, 2, 1, '2023-07-30 18:39:08', '2023-07-30 18:55:17'),
(36, 10, 2, 5, 3, 2, 1, '2023-07-30 18:39:08', '2023-07-30 18:55:31'),
(37, 10, 3, 12, 3, 2, 1, '2023-07-30 18:39:08', '2023-07-30 18:55:49'),
(38, 11, 4, 16, 2, 2, 1, '2023-07-30 18:39:08', '2023-07-30 18:57:29'),
(39, 11, 5, 19, 0, 2, 1, '2023-07-30 18:39:08', '2023-07-30 18:57:55'),
(40, 11, 6, 21, 3, 2, 1, '2023-07-30 18:39:08', '2023-07-30 18:58:35'),
(41, 12, 1, 3, 2, 2, 1, '2023-07-30 18:39:09', '2023-07-30 18:50:47'),
(42, 12, 2, 5, 2, 2, 1, '2023-07-30 18:39:09', '2023-07-30 18:52:47'),
(43, 12, 3, 12, 2, 2, 1, '2023-07-30 18:39:09', '2023-07-30 18:54:09'),
(44, 13, 4, 16, 1, 2, 1, '2023-07-30 18:39:09', '2023-07-30 19:19:53'),
(45, 13, 5, 19, 2, 2, 1, '2023-07-30 18:39:09', '2023-07-30 19:20:39'),
(46, 13, 6, 21, 3, 2, 1, '2023-07-30 18:39:09', '2023-07-30 19:21:25'),
(47, 14, 1, 3, 2, 2, 1, '2023-07-30 18:39:09', '2023-07-30 18:44:27'),
(48, 14, 2, 5, 1, 2, 1, '2023-07-30 18:39:09', '2023-07-30 18:44:54'),
(49, 14, 3, 12, 3, 2, 1, '2023-07-30 18:39:09', '2023-07-30 18:45:03'),
(50, 15, 4, 16, 1, 2, 1, '2023-07-30 18:39:09', '2023-07-30 18:50:01'),
(51, 15, 5, 19, 2, 2, 1, '2023-07-30 18:39:09', '2023-07-30 18:50:14'),
(52, 15, 6, 21, 0, 2, 1, '2023-07-30 18:39:09', '2023-07-30 18:50:47'),
(53, 16, 1, 3, 0, 2, 1, '2023-07-30 18:39:09', '2023-07-30 18:57:23'),
(54, 16, 2, 5, 2, 2, 1, '2023-07-30 18:39:09', '2023-07-30 18:57:45'),
(55, 16, 3, 12, 3, 2, 1, '2023-07-30 18:39:09', '2023-07-30 18:57:56'),
(56, 17, 4, 16, 2, 2, 1, '2023-07-30 18:39:09', '2023-07-30 19:05:31'),
(57, 17, 5, 19, 0, 2, 1, '2023-07-30 18:39:09', '2023-07-30 19:05:55'),
(58, 17, 6, 21, 3, 2, 1, '2023-07-30 18:39:09', '2023-07-30 19:06:07'),
(59, 18, 1, 3, 1, 2, 1, '2023-07-30 18:39:09', '2023-07-30 18:54:23'),
(60, 18, 2, 5, 3, 2, 1, '2023-07-30 18:39:09', '2023-07-30 18:54:38'),
(61, 18, 3, 12, 2, 2, 1, '2023-07-30 18:39:09', '2023-07-30 18:54:53'),
(62, 19, 4, 16, 3, 2, 1, '2023-07-30 18:39:09', '2023-07-30 18:59:56'),
(63, 19, 5, 19, 1, 2, 1, '2023-07-30 18:39:09', '2023-07-30 19:00:24'),
(64, 19, 6, 21, 1, 2, 1, '2023-07-30 18:39:09', '2023-07-30 19:00:59'),
(65, 20, 1, 3, 3, 2, 1, '2023-07-30 18:39:10', '2023-07-30 18:50:04'),
(66, 20, 2, 5, 2, 2, 1, '2023-07-30 18:39:10', '2023-07-30 18:52:18'),
(67, 20, 3, 12, 2, 2, 1, '2023-07-30 18:39:10', '2023-07-30 18:52:38'),
(68, 21, 4, 16, 2, 2, 1, '2023-07-30 18:39:10', '2023-07-30 18:56:49'),
(69, 21, 5, 19, 2, 2, 1, '2023-07-30 18:39:10', '2023-07-30 18:57:56'),
(70, 21, 6, 21, 2, 2, 1, '2023-07-30 18:39:10', '2023-07-30 18:58:19'),
(71, 22, 1, 3, 3, 2, 1, '2023-07-30 18:39:10', '2023-07-30 19:07:40'),
(72, 22, 2, 5, 3, 2, 1, '2023-07-30 18:39:10', '2023-07-30 19:09:00'),
(73, 22, 3, 12, 3, 2, 1, '2023-07-30 18:39:10', '2023-07-30 19:09:10'),
(74, 23, 4, 16, 3, 2, 1, '2023-07-30 18:39:10', '2023-07-30 19:14:23'),
(75, 23, 5, 19, 0, 2, 1, '2023-07-30 18:39:10', '2023-07-30 19:14:49'),
(76, 23, 6, 21, 1, 2, 1, '2023-07-30 18:39:10', '2023-07-30 19:15:07'),
(77, 24, 1, 3, 3, 2, 1, '2023-07-30 18:39:11', '2023-07-30 18:52:12'),
(78, 24, 2, 5, 3, 2, 1, '2023-07-30 18:39:11', '2023-07-30 18:52:56'),
(79, 24, 3, 12, 2, 2, 1, '2023-07-30 18:39:11', '2023-07-30 18:53:36'),
(80, 25, 4, 16, 3, 2, 1, '2023-07-30 18:39:11', '2023-07-30 18:58:29'),
(81, 25, 5, 19, 3, 2, 1, '2023-07-30 18:39:11', '2023-07-30 19:01:59'),
(82, 25, 6, 21, 3, 2, 1, '2023-07-30 18:39:11', '2023-07-30 19:02:09'),
(83, 26, 1, 3, 1, 2, 1, '2023-07-30 18:39:11', '2023-07-30 18:52:16'),
(84, 26, 2, 5, 3, 2, 1, '2023-07-30 18:39:11', '2023-07-30 18:53:02'),
(85, 26, 3, 12, 2, 2, 1, '2023-07-30 18:39:11', '2023-07-30 18:53:38'),
(86, 27, 4, 16, 2, 2, 1, '2023-07-30 18:39:11', '2023-07-30 18:58:30'),
(87, 27, 5, 19, 3, 2, 1, '2023-07-30 18:39:11', '2023-07-30 19:01:21'),
(88, 27, 6, 21, 3, 2, 1, '2023-07-30 18:39:11', '2023-07-30 19:01:38'),
(89, 28, 1, 3, -1, 2, 1, '2023-07-30 18:39:11', '2023-07-30 19:06:01'),
(90, 28, 2, 5, 1, 2, 1, '2023-07-30 18:39:11', '2023-07-30 19:07:12'),
(91, 28, 3, 12, 2, 2, 1, '2023-07-30 18:39:11', '2023-07-30 19:07:35'),
(92, 29, 4, 16, 2, 2, 1, '2023-07-30 18:39:11', '2023-07-30 19:23:34'),
(93, 29, 5, 19, 3, 2, 1, '2023-07-30 18:39:11', '2023-07-30 19:24:45'),
(94, 29, 6, 21, 2, 2, 1, '2023-07-30 18:39:11', '2023-07-30 19:25:15'),
(95, 30, 1, 3, 3, 2, 1, '2023-07-30 18:39:12', '2023-07-30 18:50:55'),
(96, 30, 2, 5, 3, 2, 1, '2023-07-30 18:39:12', '2023-07-30 18:52:14'),
(97, 30, 3, 12, 3, 2, 1, '2023-07-30 18:39:12', '2023-07-30 18:52:36'),
(98, 31, 4, 16, 2, 2, 1, '2023-07-30 18:39:12', '2023-07-30 18:56:49'),
(99, 31, 5, 19, 3, 2, 1, '2023-07-30 18:39:12', '2023-07-30 18:57:53'),
(100, 31, 6, 21, 3, 2, 1, '2023-07-30 18:39:12', '2023-07-30 18:58:23'),
(101, 32, 1, 3, 2, 2, 1, '2023-07-30 18:39:12', '2023-07-30 19:06:03'),
(102, 32, 2, 5, 3, 2, 1, '2023-07-30 18:39:12', '2023-07-30 19:08:28'),
(103, 32, 3, 12, 3, 2, 1, '2023-07-30 18:39:12', '2023-07-30 19:08:34'),
(104, 33, 4, 16, 0, 2, 1, '2023-07-30 18:39:12', '2023-07-30 19:13:08'),
(105, 33, 5, 19, 3, 2, 1, '2023-07-30 18:39:12', '2023-07-30 19:13:20'),
(106, 33, 6, 21, 3, 2, 1, '2023-07-30 18:39:12', '2023-07-30 19:13:28'),
(107, 34, 1, 3, -1, 2, 1, '2023-07-30 18:39:12', '2023-07-30 18:55:36'),
(108, 34, 2, 5, 0, 2, 1, '2023-07-30 18:39:12', '2023-07-30 18:56:01'),
(109, 34, 3, 12, 2, 2, 1, '2023-07-30 18:39:12', '2023-07-30 18:59:09'),
(110, 35, 4, 14, 2, 2, 0, '2023-07-30 18:39:13', '2023-07-30 19:00:09'),
(111, 35, 5, 19, 3, 2, 1, '2023-07-30 18:39:13', '2023-07-30 19:00:26'),
(112, 35, 6, 21, 0, 2, 1, '2023-07-30 18:39:13', '2023-07-30 19:00:46'),
(113, 36, 1, 3, 3, 2, 1, '2023-07-30 18:39:13', '2023-07-30 18:53:25'),
(114, 36, 2, 5, 0, 2, 1, '2023-07-30 18:39:13', '2023-07-30 18:54:35'),
(115, 36, 3, 12, 3, 2, 1, '2023-07-30 18:39:13', '2023-07-30 18:54:48'),
(116, 37, 4, 16, 3, 2, 1, '2023-07-30 18:39:13', '2023-07-30 19:02:14'),
(117, 37, 5, 19, 3, 2, 1, '2023-07-30 18:39:13', '2023-07-30 19:02:26'),
(118, 37, 6, 21, 3, 2, 1, '2023-07-30 18:39:13', '2023-07-30 19:02:32'),
(119, 38, 1, 3, 3, 2, 1, '2023-07-30 18:39:13', '2023-07-30 18:52:32'),
(120, 38, 2, 5, 3, 2, 1, '2023-07-30 18:39:13', '2023-07-30 18:53:02'),
(121, 38, 3, 12, 2, 2, 1, '2023-07-30 18:39:13', '2023-07-30 18:53:31'),
(122, 39, 4, 16, 2, 2, 1, '2023-07-30 18:39:13', '2023-07-30 18:58:37'),
(123, 39, 5, 19, 2, 2, 1, '2023-07-30 18:39:13', '2023-07-30 19:01:20'),
(124, 39, 6, 21, 3, 2, 1, '2023-07-30 18:39:13', '2023-07-30 19:01:40'),
(125, 40, 1, 3, -1, 2, 1, '2023-07-30 18:39:15', '2023-07-30 18:56:44'),
(126, 40, 2, 5, 0, 2, 1, '2023-07-30 18:39:15', '2023-07-30 18:59:30'),
(127, 40, 3, 12, 2, 2, 1, '2023-07-30 18:39:15', '2023-07-30 18:59:37'),
(128, 41, 4, 16, 3, 2, 1, '2023-07-30 18:39:15', '2023-07-30 19:09:22'),
(129, 41, 5, 17, 2, 2, 0, '2023-07-30 18:39:15', '2023-07-30 19:09:39'),
(130, 41, 6, 21, 2, 2, 1, '2023-07-30 18:39:15', '2023-07-30 19:09:53'),
(131, 42, 1, 3, 3, 2, 1, '2023-07-30 18:39:24', '2023-07-30 18:54:07'),
(132, 42, 2, 5, 3, 2, 1, '2023-07-30 18:39:24', '2023-07-30 18:55:12'),
(133, 42, 3, 12, 3, 2, 1, '2023-07-30 18:39:24', '2023-07-30 18:56:45'),
(134, 43, 4, 16, 1, 2, 1, '2023-07-30 18:39:24', '2023-07-30 19:04:18'),
(135, 43, 5, 19, 2, 2, 1, '2023-07-30 18:39:24', '2023-07-30 19:04:28'),
(136, 43, 6, 21, 0, 2, 1, '2023-07-30 18:39:24', '2023-07-30 19:04:46'),
(137, 44, 1, 3, -4, 2, 1, '2023-07-30 18:39:40', '2023-07-30 18:54:45'),
(138, 44, 2, 5, 1, 2, 1, '2023-07-30 18:39:40', '2023-07-30 18:56:19'),
(139, 44, 3, 12, 2, 2, 1, '2023-07-30 18:39:40', '2023-07-30 18:59:25'),
(140, 45, 4, 16, 3, 2, 1, '2023-07-30 18:39:40', '2023-07-30 19:19:58'),
(141, 45, 5, 19, 3, 2, 1, '2023-07-30 18:39:40', '2023-07-30 19:21:32'),
(142, 45, 6, 21, 1, 2, 1, '2023-07-30 18:39:40', '2023-07-30 19:24:06'),
(143, 46, 1, 3, 3, 2, 1, '2023-07-30 18:40:19', '2023-07-30 18:48:56'),
(144, 46, 2, 5, 2, 2, 1, '2023-07-30 18:40:19', '2023-07-30 18:50:44'),
(145, 46, 3, 12, 3, 2, 1, '2023-07-30 18:40:19', '2023-07-30 18:51:16'),
(146, 47, 4, 16, 2, 2, 1, '2023-07-30 18:40:19', '2023-07-30 19:00:26'),
(147, 47, 5, 19, -1, 2, 1, '2023-07-30 18:40:19', '2023-07-30 19:05:11'),
(148, 47, 6, 21, 3, 2, 1, '2023-07-30 18:40:19', '2023-07-30 19:05:45'),
(149, 48, 7, 26, 3, 2, 1, '2023-08-03 20:17:31', '2023-08-03 20:37:13'),
(150, 48, 8, 29, 3, 2, 1, '2023-08-03 20:17:31', '2023-08-03 20:37:39'),
(151, 48, 9, 33, 3, 2, 1, '2023-08-03 20:17:31', '2023-08-03 20:37:58'),
(152, 48, 10, 39, 3, 2, 1, '2023-08-03 20:17:31', '2023-08-03 20:39:01'),
(153, 48, 11, 44, 3, 2, 1, '2023-08-03 20:17:31', '2023-08-03 20:39:27'),
(154, 48, 12, 46, 3, 2, 1, '2023-08-03 20:17:31', '2023-08-03 20:39:39'),
(155, 48, 13, 50, 0, 2, 1, '2023-08-03 20:17:31', '2023-08-03 20:40:21'),
(156, 48, 14, 56, 3, 2, 1, '2023-08-03 20:17:31', '2023-08-03 20:40:35'),
(157, 48, 15, 60, 1, 2, 1, '2023-08-03 20:17:31', '2023-08-03 20:41:06'),
(158, 48, 16, 61, 3, 2, 1, '2023-08-03 20:17:31', '2023-08-03 20:41:25'),
(159, 49, 7, 26, 3, 2, 1, '2023-08-03 20:19:09', '2023-08-03 20:32:02'),
(160, 49, 8, 29, 3, 2, 1, '2023-08-03 20:19:09', '2023-08-03 20:32:47'),
(161, 49, 9, 33, 3, 2, 1, '2023-08-03 20:19:09', '2023-08-03 20:34:37'),
(162, 49, 10, 39, 3, 2, 1, '2023-08-03 20:19:09', '2023-08-03 20:35:22'),
(163, 49, 11, 44, 3, 2, 1, '2023-08-03 20:19:09', '2023-08-03 20:38:01'),
(164, 49, 12, 46, 3, 2, 1, '2023-08-03 20:19:09', '2023-08-03 20:38:19'),
(165, 49, 13, 50, 3, 2, 1, '2023-08-03 20:19:09', '2023-08-03 20:38:27'),
(166, 49, 14, 56, 3, 2, 1, '2023-08-03 20:19:09', '2023-08-03 20:39:05'),
(167, 49, 15, 60, 3, 2, 1, '2023-08-03 20:19:09', '2023-08-03 20:39:37'),
(168, 49, 16, 61, 3, 2, 1, '2023-08-03 20:19:09', '2023-08-03 20:39:42'),
(169, 50, 7, 26, 3, 2, 1, '2023-08-03 20:19:23', '2023-08-03 20:35:10'),
(170, 50, 8, 30, 2, 2, 0, '2023-08-03 20:19:23', '2023-08-03 20:35:48'),
(171, 50, 9, 33, 3, 2, 1, '2023-08-03 20:19:23', '2023-08-03 20:37:50'),
(172, 50, 10, 39, 3, 2, 1, '2023-08-03 20:19:23', '2023-08-03 20:37:57'),
(173, 50, 11, 44, 3, 2, 1, '2023-08-03 20:19:23', '2023-08-03 20:38:02'),
(174, 50, 12, 46, 3, 2, 1, '2023-08-03 20:19:23', '2023-08-03 20:38:15'),
(175, 50, 13, 50, 3, 2, 1, '2023-08-03 20:19:23', '2023-08-03 20:38:20'),
(176, 50, 14, 56, 3, 2, 1, '2023-08-03 20:19:23', '2023-08-03 20:38:59'),
(177, 50, 15, 57, 2, 2, 0, '2023-08-03 20:19:23', '2023-08-03 20:39:06'),
(178, 50, 16, 61, 3, 2, 1, '2023-08-03 20:19:23', '2023-08-03 20:39:18'),
(179, 51, 7, 26, 3, 2, 1, '2023-08-03 20:19:23', '2023-08-03 20:32:45'),
(180, 51, 8, 29, 3, 2, 1, '2023-08-03 20:19:23', '2023-08-03 20:33:07'),
(181, 51, 9, 33, 3, 2, 1, '2023-08-03 20:19:23', '2023-08-03 20:34:45'),
(182, 51, 10, 39, 3, 2, 1, '2023-08-03 20:19:23', '2023-08-03 20:35:28'),
(183, 51, 11, 44, 3, 2, 1, '2023-08-03 20:19:23', '2023-08-03 20:37:16'),
(184, 51, 12, 46, 3, 2, 1, '2023-08-03 20:19:23', '2023-08-03 20:39:12'),
(185, 51, 13, 50, 3, 2, 1, '2023-08-03 20:19:23', '2023-08-03 20:39:28'),
(186, 51, 14, 56, 3, 2, 1, '2023-08-03 20:19:23', '2023-08-03 20:40:08'),
(187, 51, 15, 60, 3, 2, 1, '2023-08-03 20:19:23', '2023-08-03 20:40:40'),
(188, 51, 16, 61, 3, 2, 1, '2023-08-03 20:19:23', '2023-08-03 20:40:51'),
(189, 52, 7, 26, 1, 2, 1, '2023-08-03 20:19:24', '2023-08-03 20:24:22'),
(190, 52, 8, 29, 3, 2, 1, '2023-08-03 20:19:24', '2023-08-03 20:27:53'),
(191, 52, 9, 33, 3, 2, 1, '2023-08-03 20:19:24', '2023-08-03 20:29:29'),
(192, 52, 10, 39, 2, 2, 1, '2023-08-03 20:19:24', '2023-08-03 20:30:19'),
(193, 52, 11, 44, 3, 2, 1, '2023-08-03 20:19:24', '2023-08-03 20:32:17'),
(194, 52, 12, 46, 3, 2, 1, '2023-08-03 20:19:24', '2023-08-03 20:32:58'),
(195, 52, 13, 50, 3, 2, 1, '2023-08-03 20:19:24', '2023-08-03 20:33:55'),
(196, 52, 14, 56, 3, 2, 1, '2023-08-03 20:19:24', '2023-08-03 20:34:42'),
(197, 52, 15, 60, 1, 2, 1, '2023-08-03 20:19:24', '2023-08-03 20:37:26'),
(198, 52, 16, 61, 3, 2, 1, '2023-08-03 20:19:24', '2023-08-03 20:38:12'),
(199, 53, 7, 26, 3, 2, 1, '2023-08-03 20:19:24', '2023-08-03 20:34:55'),
(200, 53, 8, 29, 3, 2, 1, '2023-08-03 20:19:24', '2023-08-03 20:35:16'),
(201, 53, 9, 33, 3, 2, 1, '2023-08-03 20:19:24', '2023-08-03 20:35:22'),
(202, 53, 10, 39, 3, 2, 1, '2023-08-03 20:19:24', '2023-08-03 20:35:35'),
(203, 53, 11, 43, 2, 2, 0, '2023-08-03 20:19:24', '2023-08-03 20:37:21'),
(204, 53, 12, 48, 2, 2, 0, '2023-08-03 20:19:24', '2023-08-03 20:38:12'),
(205, 53, 13, 50, 3, 2, 1, '2023-08-03 20:19:24', '2023-08-03 20:38:29'),
(206, 53, 14, 56, 3, 2, 1, '2023-08-03 20:19:24', '2023-08-03 20:39:23'),
(207, 53, 15, 60, 3, 2, 1, '2023-08-03 20:19:24', '2023-08-03 20:39:29'),
(208, 53, 16, 61, 3, 2, 1, '2023-08-03 20:19:24', '2023-08-03 20:39:38'),
(209, 54, 7, 26, 3, 2, 1, '2023-08-03 20:19:24', '2023-08-03 20:32:05'),
(210, 54, 8, 29, 3, 2, 1, '2023-08-03 20:19:24', '2023-08-03 20:32:49'),
(211, 54, 9, 33, 3, 2, 1, '2023-08-03 20:19:24', '2023-08-03 20:34:38'),
(212, 54, 10, 39, 3, 2, 1, '2023-08-03 20:19:24', '2023-08-03 20:35:00'),
(213, 54, 11, 44, 3, 2, 1, '2023-08-03 20:19:24', '2023-08-03 20:36:53'),
(214, 54, 12, 46, 3, 2, 1, '2023-08-03 20:19:24', '2023-08-03 20:37:21'),
(215, 54, 13, 50, 2, 2, 1, '2023-08-03 20:19:24', '2023-08-03 20:37:31'),
(216, 54, 14, 56, 3, 2, 1, '2023-08-03 20:19:24', '2023-08-03 20:39:02'),
(217, 54, 15, 60, 3, 2, 1, '2023-08-03 20:19:24', '2023-08-03 20:39:35'),
(218, 54, 16, 61, 3, 2, 1, '2023-08-03 20:19:24', '2023-08-03 20:39:42'),
(219, 55, 7, 26, 3, 2, 1, '2023-08-03 20:19:25', '2023-08-03 20:29:02'),
(220, 55, 8, 29, 3, 2, 1, '2023-08-03 20:19:25', '2023-08-03 20:29:26'),
(221, 55, 9, 33, 1, 2, 1, '2023-08-03 20:19:25', '2023-08-03 20:30:00'),
(222, 55, 10, 39, 3, 2, 1, '2023-08-03 20:19:25', '2023-08-03 20:30:22'),
(223, 55, 11, 44, 2, 2, 1, '2023-08-03 20:19:25', '2023-08-03 20:31:24'),
(224, 55, 12, 46, 2, 2, 1, '2023-08-03 20:19:25', '2023-08-03 20:32:00'),
(225, 55, 13, 50, 0, 2, 1, '2023-08-03 20:19:25', '2023-08-03 20:32:34'),
(226, 55, 14, 56, 0, 2, 1, '2023-08-03 20:19:25', '2023-08-03 20:33:34'),
(227, 55, 15, 60, 1, 2, 1, '2023-08-03 20:19:25', '2023-08-03 20:34:02'),
(228, 55, 16, 61, 3, 2, 1, '2023-08-03 20:19:25', '2023-08-03 20:34:13'),
(229, 56, 7, 26, 2, 2, 1, '2023-08-03 20:19:25', '2023-08-03 20:30:25'),
(230, 56, 8, 29, 2, 2, 1, '2023-08-03 20:19:25', '2023-08-03 20:31:43'),
(231, 56, 9, 33, 3, 2, 1, '2023-08-03 20:19:25', '2023-08-03 20:32:16'),
(232, 56, 10, 39, 2, 2, 1, '2023-08-03 20:19:25', '2023-08-03 20:33:35'),
(233, 56, 11, 44, 2, 2, 1, '2023-08-03 20:19:25', '2023-08-03 20:34:25'),
(234, 56, 12, 46, 3, 2, 1, '2023-08-03 20:19:25', '2023-08-03 20:35:02'),
(235, 56, 13, 50, 2, 2, 1, '2023-08-03 20:19:25', '2023-08-03 20:36:06'),
(236, 56, 14, 56, 2, 2, 1, '2023-08-03 20:19:25', '2023-08-03 20:36:39'),
(237, 56, 15, 60, 3, 2, 1, '2023-08-03 20:19:25', '2023-08-03 20:36:56'),
(238, 56, 16, 61, 3, 2, 1, '2023-08-03 20:19:25', '2023-08-03 20:37:33'),
(239, 57, 7, 26, 3, 2, 1, '2023-08-03 20:19:25', '2023-08-03 20:35:36'),
(240, 57, 8, 29, 3, 2, 1, '2023-08-03 20:19:25', '2023-08-03 20:35:47'),
(241, 57, 9, 33, 3, 2, 1, '2023-08-03 20:19:25', '2023-08-03 20:36:16'),
(242, 57, 10, 39, 2, 2, 1, '2023-08-03 20:19:25', '2023-08-03 20:36:37'),
(243, 57, 11, 44, 1, 2, 1, '2023-08-03 20:19:25', '2023-08-03 20:36:54'),
(244, 57, 12, 46, 1, 2, 1, '2023-08-03 20:19:25', '2023-08-03 20:37:27'),
(245, 57, 13, 50, 1, 2, 1, '2023-08-03 20:19:25', '2023-08-03 20:37:59'),
(246, 57, 14, 56, 3, 2, 1, '2023-08-03 20:19:25', '2023-08-03 20:38:42'),
(247, 57, 15, 60, 1, 2, 1, '2023-08-03 20:19:25', '2023-08-03 20:39:27'),
(248, 57, 16, 61, 3, 2, 1, '2023-08-03 20:19:25', '2023-08-03 20:39:38'),
(249, 58, 7, 26, 0, 2, 1, '2023-08-03 20:19:26', '2023-08-03 20:32:28'),
(250, 58, 8, 29, -1, 2, 1, '2023-08-03 20:19:26', '2023-08-03 20:32:51'),
(251, 58, 9, 33, 3, 2, 1, '2023-08-03 20:19:26', '2023-08-03 20:32:59'),
(252, 58, 10, 39, 3, 2, 1, '2023-08-03 20:19:26', '2023-08-03 20:33:17'),
(253, 58, 11, 44, 3, 2, 1, '2023-08-03 20:19:26', '2023-08-03 20:33:38'),
(254, 58, 12, 46, 2, 2, 1, '2023-08-03 20:19:26', '2023-08-03 20:34:42'),
(255, 58, 13, 50, 3, 2, 1, '2023-08-03 20:19:26', '2023-08-03 20:36:42'),
(256, 58, 14, 56, 1, 2, 1, '2023-08-03 20:19:26', '2023-08-03 20:37:17'),
(257, 58, 15, 60, 2, 2, 1, '2023-08-03 20:19:26', '2023-08-03 20:37:50'),
(258, 58, 16, 61, 3, 2, 1, '2023-08-03 20:19:26', '2023-08-03 20:38:25'),
(259, 59, 7, 26, 3, 2, 1, '2023-08-03 20:19:26', '2023-08-03 20:37:18'),
(260, 59, 8, 29, 3, 2, 1, '2023-08-03 20:19:26', '2023-08-03 20:37:39'),
(261, 59, 9, 33, 2, 2, 1, '2023-08-03 20:19:26', '2023-08-03 20:38:30'),
(262, 59, 10, 39, 3, 2, 1, '2023-08-03 20:19:26', '2023-08-03 20:38:55'),
(263, 59, 11, 44, 3, 2, 1, '2023-08-03 20:19:26', '2023-08-03 20:39:28'),
(264, 59, 12, 46, 3, 2, 1, '2023-08-03 20:19:26', '2023-08-03 20:39:40'),
(265, 59, 13, 50, 3, 2, 1, '2023-08-03 20:19:26', '2023-08-03 20:39:52'),
(266, 59, 14, 56, 3, 2, 1, '2023-08-03 20:19:26', '2023-08-03 20:40:23'),
(267, 59, 15, 60, 3, 2, 1, '2023-08-03 20:19:26', '2023-08-03 20:40:46'),
(268, 59, 16, 61, 3, 2, 1, '2023-08-03 20:19:26', '2023-08-03 20:40:57'),
(269, 60, 7, 26, 3, 2, 1, '2023-08-03 20:19:27', '2023-08-03 20:36:14'),
(270, 60, 8, 29, 3, 2, 1, '2023-08-03 20:19:27', '2023-08-03 20:36:22'),
(271, 60, 9, 33, 3, 2, 1, '2023-08-03 20:19:27', '2023-08-03 20:36:33'),
(272, 60, 10, 39, 3, 2, 1, '2023-08-03 20:19:27', '2023-08-03 20:36:40'),
(273, 60, 11, 44, 3, 2, 1, '2023-08-03 20:19:27', '2023-08-03 20:36:48'),
(274, 60, 12, 46, 2, 2, 1, '2023-08-03 20:19:27', '2023-08-03 20:38:25'),
(275, 60, 13, 50, 2, 2, 1, '2023-08-03 20:19:27', '2023-08-03 20:38:54'),
(276, 60, 14, 56, 3, 2, 1, '2023-08-03 20:19:27', '2023-08-03 20:39:03'),
(277, 60, 15, 60, 3, 2, 1, '2023-08-03 20:19:27', '2023-08-03 20:39:30'),
(278, 60, 16, 61, 3, 2, 1, '2023-08-03 20:19:27', '2023-08-03 20:39:43'),
(279, 61, 7, 26, 1, 2, 1, '2023-08-03 20:19:28', '2023-08-03 20:30:31'),
(280, 61, 8, 29, 3, 2, 1, '2023-08-03 20:19:28', '2023-08-03 20:31:57'),
(281, 61, 9, 33, 3, 2, 1, '2023-08-03 20:19:28', '2023-08-03 20:32:35'),
(282, 61, 10, 39, 1, 2, 1, '2023-08-03 20:19:28', '2023-08-03 20:33:58'),
(283, 61, 11, 44, 2, 2, 1, '2023-08-03 20:19:28', '2023-08-03 20:35:29'),
(284, 61, 12, 46, 3, 2, 1, '2023-08-03 20:19:28', '2023-08-03 20:36:02'),
(285, 61, 13, 50, 3, 2, 1, '2023-08-03 20:19:28', '2023-08-03 20:36:44'),
(286, 61, 14, 56, 2, 2, 1, '2023-08-03 20:19:28', '2023-08-03 20:40:31'),
(287, 61, 15, 60, 2, 2, 1, '2023-08-03 20:19:28', '2023-08-03 20:42:05'),
(288, 61, 16, 61, 2, 2, 1, '2023-08-03 20:19:28', '2023-08-03 20:42:22'),
(289, 62, 7, 26, 3, 2, 1, '2023-08-03 20:19:30', '2023-08-03 20:29:05'),
(290, 62, 8, 29, 3, 2, 1, '2023-08-03 20:19:30', '2023-08-03 20:29:19'),
(291, 62, 9, 33, 3, 2, 1, '2023-08-03 20:19:30', '2023-08-03 20:29:40'),
(292, 62, 10, 39, 1, 2, 1, '2023-08-03 20:19:30', '2023-08-03 20:30:04'),
(293, 62, 11, 44, 2, 2, 1, '2023-08-03 20:19:30', '2023-08-03 20:30:30'),
(294, 62, 12, 46, 3, 2, 1, '2023-08-03 20:19:30', '2023-08-03 20:30:53'),
(295, 62, 13, 50, 2, 2, 1, '2023-08-03 20:19:30', '2023-08-03 20:31:20'),
(296, 62, 14, 56, 3, 2, 1, '2023-08-03 20:19:30', '2023-08-03 20:31:39'),
(297, 62, 15, 60, 0, 2, 1, '2023-08-03 20:19:30', '2023-08-03 20:32:12'),
(298, 62, 16, 61, 3, 2, 1, '2023-08-03 20:19:30', '2023-08-03 20:32:44'),
(299, 63, 7, 26, 3, 2, 1, '2023-08-03 20:19:34', '2023-08-03 20:37:16'),
(300, 63, 8, 29, 3, 2, 1, '2023-08-03 20:19:34', '2023-08-03 20:37:31'),
(301, 63, 9, 33, 3, 2, 1, '2023-08-03 20:19:34', '2023-08-03 20:37:44'),
(302, 63, 10, 39, 3, 2, 1, '2023-08-03 20:19:34', '2023-08-03 20:37:54'),
(303, 63, 11, 44, 3, 2, 1, '2023-08-03 20:19:34', '2023-08-03 20:38:01'),
(304, 63, 12, 46, 3, 2, 1, '2023-08-03 20:19:34', '2023-08-03 20:38:16'),
(305, 63, 13, 50, 3, 2, 1, '2023-08-03 20:19:34', '2023-08-03 20:38:38'),
(306, 63, 14, 56, 3, 2, 1, '2023-08-03 20:19:34', '2023-08-03 20:38:52'),
(307, 63, 15, 60, 1, 2, 1, '2023-08-03 20:19:34', '2023-08-03 20:39:48'),
(308, 63, 16, 61, 3, 2, 1, '2023-08-03 20:19:34', '2023-08-03 20:39:58'),
(309, 64, 7, 26, 3, 2, 1, '2023-08-03 20:19:34', '2023-08-03 20:32:22'),
(310, 64, 8, 29, 3, 2, 1, '2023-08-03 20:19:34', '2023-08-03 20:32:58'),
(311, 64, 9, 33, 3, 2, 1, '2023-08-03 20:19:34', '2023-08-03 20:36:16'),
(312, 64, 10, 39, 3, 2, 1, '2023-08-03 20:19:34', '2023-08-03 20:36:57'),
(313, 64, 11, 44, 3, 2, 1, '2023-08-03 20:19:34', '2023-08-03 20:38:24'),
(314, 64, 12, 46, 3, 2, 1, '2023-08-03 20:19:34', '2023-08-03 20:38:44'),
(315, 64, 13, 50, 3, 2, 1, '2023-08-03 20:19:34', '2023-08-03 20:38:51'),
(316, 64, 14, 56, 3, 2, 1, '2023-08-03 20:19:34', '2023-08-03 20:39:24'),
(317, 64, 15, 60, 3, 2, 1, '2023-08-03 20:19:34', '2023-08-03 20:40:12'),
(318, 64, 16, 61, 3, 2, 1, '2023-08-03 20:19:34', '2023-08-03 20:40:27'),
(319, 65, 7, 26, 3, 2, 1, '2023-08-03 20:19:46', '2023-08-03 20:32:10'),
(320, 65, 8, 29, 3, 2, 1, '2023-08-03 20:19:46', '2023-08-03 20:32:54'),
(321, 65, 9, 33, 3, 2, 1, '2023-08-03 20:19:46', '2023-08-03 20:35:18'),
(322, 65, 10, 39, 3, 2, 1, '2023-08-03 20:19:46', '2023-08-03 20:35:27'),
(323, 65, 11, 44, 3, 2, 1, '2023-08-03 20:19:46', '2023-08-03 20:36:57'),
(324, 65, 12, 46, 3, 2, 1, '2023-08-03 20:19:46', '2023-08-03 20:37:33'),
(325, 65, 13, 50, 3, 2, 1, '2023-08-03 20:19:46', '2023-08-03 20:37:48'),
(326, 65, 14, 56, 3, 2, 1, '2023-08-03 20:19:46', '2023-08-03 20:39:56'),
(327, 65, 15, 60, 3, 2, 1, '2023-08-03 20:19:46', '2023-08-03 20:40:54'),
(328, 65, 16, 61, 3, 2, 1, '2023-08-03 20:19:46', '2023-08-03 20:40:57'),
(329, 66, 7, 26, 3, 2, 1, '2023-08-03 20:19:51', '2023-08-03 20:34:03'),
(330, 66, 8, 29, 3, 2, 1, '2023-08-03 20:19:51', '2023-08-03 20:34:24'),
(331, 66, 9, 33, 3, 2, 1, '2023-08-03 20:19:51', '2023-08-03 20:34:30'),
(332, 66, 10, 39, 3, 2, 1, '2023-08-03 20:19:51', '2023-08-03 20:34:38'),
(333, 66, 11, 44, 2, 2, 1, '2023-08-03 20:19:51', '2023-08-03 20:35:01'),
(334, 66, 12, 46, 2, 2, 1, '2023-08-03 20:19:51', '2023-08-03 20:35:36'),
(335, 66, 13, 50, 3, 2, 1, '2023-08-03 20:19:51', '2023-08-03 20:35:44'),
(336, 66, 14, 56, 3, 2, 1, '2023-08-03 20:19:51', '2023-08-03 20:38:27'),
(337, 66, 15, 60, 3, 2, 1, '2023-08-03 20:19:51', '2023-08-03 20:38:53'),
(338, 66, 16, 61, 3, 2, 1, '2023-08-03 20:19:51', '2023-08-03 20:38:59'),
(339, 67, 7, 26, 3, 2, 1, '2023-08-03 20:21:04', '2023-08-03 20:34:14'),
(340, 67, 8, 29, 3, 2, 1, '2023-08-03 20:21:04', '2023-08-03 20:34:23'),
(341, 67, 9, 33, 3, 2, 1, '2023-08-03 20:21:04', '2023-08-03 20:34:30'),
(342, 67, 10, 39, 3, 2, 1, '2023-08-03 20:21:04', '2023-08-03 20:34:34'),
(343, 67, 11, 42, 2, 2, 0, '2023-08-03 20:21:04', '2023-08-03 20:35:02'),
(344, 67, 12, 46, 3, 2, 1, '2023-08-03 20:21:04', '2023-08-03 20:35:08'),
(345, 67, 13, 50, 3, 2, 1, '2023-08-03 20:21:04', '2023-08-03 20:35:40'),
(346, 67, 14, 53, 2, 2, 0, '2023-08-03 20:21:04', '2023-08-03 20:37:34'),
(347, 67, 15, 60, 3, 2, 1, '2023-08-03 20:21:04', '2023-08-03 20:38:17'),
(348, 67, 16, 61, 3, 2, 1, '2023-08-03 20:21:04', '2023-08-03 20:38:29'),
(349, 68, 7, 26, 3, 2, 1, '2023-08-03 20:22:00', '2023-08-03 20:33:24'),
(350, 68, 8, 29, 3, 2, 1, '2023-08-03 20:22:00', '2023-08-03 20:33:31'),
(351, 68, 9, 33, 3, 2, 1, '2023-08-03 20:22:00', '2023-08-03 20:34:51'),
(352, 68, 10, 39, 3, 2, 1, '2023-08-03 20:22:00', '2023-08-03 20:35:02'),
(353, 68, 11, 44, 3, 2, 1, '2023-08-03 20:22:00', '2023-08-03 20:35:58'),
(354, 68, 12, 46, 3, 2, 1, '2023-08-03 20:22:00', '2023-08-03 20:36:56'),
(355, 68, 13, 50, 3, 2, 1, '2023-08-03 20:22:00', '2023-08-03 20:37:05'),
(356, 68, 14, 56, 3, 2, 1, '2023-08-03 20:22:00', '2023-08-03 20:38:52'),
(357, 68, 15, 60, 3, 2, 1, '2023-08-03 20:22:00', '2023-08-03 20:39:41'),
(358, 68, 16, 61, 3, 2, 1, '2023-08-03 20:22:00', '2023-08-03 20:39:48');

-- --------------------------------------------------------

--
-- Table structure for table `evaluations`
--

CREATE TABLE `evaluations` (
  `id` bigint(20) UNSIGNED NOT NULL,
  `content_id` bigint(20) UNSIGNED NOT NULL,
  `xp` int(11) NOT NULL,
  `studi_kasus` text COLLATE utf8mb4_unicode_ci NOT NULL,
  `step` text COLLATE utf8mb4_unicode_ci NOT NULL,
  `created_at` timestamp NULL DEFAULT NULL,
  `updated_at` timestamp NULL DEFAULT NULL
) ENGINE=InnoDB DEFAULT CHARSET=utf8mb4 COLLATE=utf8mb4_unicode_ci;

--
-- Dumping data for table `evaluations`
--

INSERT INTO `evaluations` (`id`, `content_id`, `xp`, `studi_kasus`, `step`, `created_at`, `updated_at`) VALUES
(1, 17, 50, '<p class=\"font-semibold \">Buatlah sebuah program dalam mengucapkan sebuah pantun dibawah ini menggunakan blok speech synthesis!</p><br>\n            <p>Hmmm aku mau berpantun nih, dengerin ya!</p>\n            <p>Rusa kecil diam terkurung</p>\n            <p>Kurang makan kurang minum</p>\n            <p>Cari ilmu jangan murung</p>\n            <p>Cerialah selalu banyak tersenyum</p>\n            <p>*suara tepuk tangan*</p><br>', '<ol class=\"list-decimal ml-4 leading-relaxed\">\n            <li>Gunakan template snap berikut <a class=\"text-info font-bold\"\n                href=\"https://ecraft2learn.github.io/ai/snap/snap.html?project=speaking&editMode\"\n                target=\"_blank\">(Klik)</a></li>\n            <li>Gunakan atau buang blok yang ada atau juga menambahkan untuk menyelesaikan studi kasus</li>\n            <li>Setelah dirasa selesai, klik icon file putih di pojok kiri atas</li>\n            <li>Pilih save as, kemudian pilih computer, dan merubah nama file lalu tekan tombol save</li>\n            <li>File pekerjaan tada akan berformat .XML</li>\n            <li>Upload file tersebut di form upload jawaban dan tunggu hingga dinilai oleh ahli</li>\n          </ol>', '2023-07-14 00:37:30', '2023-07-14 00:37:30'),
(2, 38, 50, '<p>Buat jam bicara atau kalkulator.</p>', '<ol class=\"list-decimal ml-4 leading-relaxed\">\r\n            <li>Gunakan template snap berikut <a class=\"text-info font-bold\"\r\n                href=\"https://ecraft2learn.github.io/ai/snap/snap.html?project=speaking&editMode\"\r\n                target=\"_blank\">(Klik)</a></li>\r\n            <li>Gunakan atau buang blok yang ada atau juga menambahkan untuk menyelesaikan studi kasus</li>\r\n            <li>Setelah dirasa selesai, klik icon file putih di pojok kiri atas</li>\r\n            <li>Pilih save as, kemudian pilih computer, dan merubah nama file lalu tekan tombol save</li>\r\n            <li>File pekerjaan tada akan berformat .XML</li>\r\n            <li>Upload file tersebut di form upload jawaban dan tunggu hingga dinilai oleh ahli</li>\r\n          </ol>', NULL, NULL);

-- --------------------------------------------------------

--
-- Table structure for table `evaluation_takens`
--

CREATE TABLE `evaluation_takens` (
  `id` bigint(20) UNSIGNED NOT NULL,
  `detail_learning_id` bigint(20) UNSIGNED NOT NULL,
  `evaluation_id` bigint(20) UNSIGNED NOT NULL,
  `file_path` varchar(255) COLLATE utf8mb4_unicode_ci DEFAULT NULL,
  `nilai` double NOT NULL DEFAULT 0,
  `point` int(11) NOT NULL DEFAULT 0,
  `xp` int(11) NOT NULL DEFAULT 0,
  `status` int(11) NOT NULL DEFAULT 0,
  `waktu_pengumpulan` datetime DEFAULT NULL,
  `created_at` timestamp NULL DEFAULT NULL,
  `updated_at` timestamp NULL DEFAULT NULL
) ENGINE=InnoDB DEFAULT CHARSET=utf8mb4 COLLATE=utf8mb4_unicode_ci;

--
-- Dumping data for table `evaluation_takens`
--

INSERT INTO `evaluation_takens` (`id`, `detail_learning_id`, `evaluation_id`, `file_path`, `nilai`, `point`, `xp`, `status`, `waktu_pengumpulan`, `created_at`, `updated_at`) VALUES
(1, 17, 1, '1689324817_5_course1.xml', 100, 100, 50, 2, '2023-07-14 08:53:40', '2023-07-14 00:56:55', '2023-07-14 01:55:55'),
(2, 57, 1, '1690771791_7_Pantun_Hizkiel.xml', 90, 100, 50, 2, '2023-07-31 02:49:51', '2023-07-30 18:38:32', '2023-07-31 22:08:26'),
(3, 75, 1, '1690807450_8_Yopi Sopian.xml', 90, 100, 50, 2, '2023-07-31 12:44:10', '2023-07-30 18:39:07', '2023-07-31 22:09:46'),
(4, 93, 1, NULL, 50, 60, 50, 2, NULL, '2023-07-30 18:39:08', '2023-08-04 22:45:11'),
(5, 111, 1, NULL, 50, 60, 50, 2, NULL, '2023-07-30 18:39:08', '2023-08-04 22:45:18'),
(6, 129, 1, '1690771511_30_speaking.xml', 90, 100, 50, 2, '2023-07-31 02:45:11', '2023-07-30 18:39:09', '2023-07-31 22:11:33'),
(7, 147, 1, '1690771440_15_17_Syahban Wira Adinata .xml', 90, 100, 50, 2, '2023-07-31 02:44:00', '2023-07-30 18:39:09', '2023-07-31 22:12:31'),
(8, 165, 1, '1690771715_17_5_Favian Albi nur Fallah .xml', 90, 100, 50, 2, '2023-07-31 02:48:35', '2023-07-30 18:39:09', '2023-07-31 22:13:07'),
(9, 183, 1, '1690769804_11_speaking kha.xml', 60, 60, 50, 2, '2023-07-31 02:16:44', '2023-07-30 18:39:09', '2023-08-04 22:45:49'),
(10, 201, 1, '1690771458_22_speaking.xml', 70, 80, 50, 2, '2023-07-31 02:44:18', '2023-07-30 18:39:10', '2023-07-31 22:17:41'),
(11, 219, 1, '1690771335_18_simple speak block.xml', 90, 100, 50, 2, '2023-07-31 02:42:15', '2023-07-30 18:39:10', '2023-07-31 22:18:11'),
(12, 237, 1, '1690770179_24_speaking.xml', 90, 100, 50, 2, '2023-07-31 02:22:59', '2023-07-30 18:39:11', '2023-07-31 22:19:37'),
(13, 259, 1, '1690771165_19_Varell Febyan.xml', 90, 100, 50, 2, '2023-07-31 02:39:25', '2023-07-30 18:39:11', '2023-07-31 22:20:15'),
(14, 273, 1, NULL, 50, 60, 50, 2, NULL, '2023-07-30 18:39:11', '2023-08-04 22:45:28'),
(15, 291, 1, '1690771459_25_Alvin TJKT.xml', 70, 80, 50, 2, '2023-07-31 02:44:19', '2023-07-30 18:39:12', '2023-07-31 22:21:14'),
(16, 309, 1, '1690771503_12_Alief Putra Alsyafin.xml', 85, 100, 50, 2, '2023-07-31 02:45:03', '2023-07-30 18:39:12', '2023-07-31 22:22:07'),
(17, 327, 1, NULL, 50, 60, 50, 2, NULL, '2023-07-30 18:39:13', '2023-08-04 22:45:37'),
(18, 345, 1, '1690770992_9_simple speak Iksal.xml', 90, 100, 50, 2, '2023-07-31 02:36:32', '2023-07-30 18:39:13', '2023-07-31 22:22:40'),
(19, 363, 1, '1690771168_13_Raul ramadan .xml', 85, 100, 50, 2, '2023-07-31 02:39:28', '2023-07-30 18:39:13', '2023-07-31 22:23:10'),
(20, 381, 1, '1690771104_28_Raihan Bagus.xml', 85, 100, 50, 2, '2023-07-31 02:38:24', '2023-07-30 18:39:15', '2023-07-31 22:24:40'),
(21, 399, 1, NULL, 50, 60, 50, 2, NULL, '2023-07-30 18:39:24', '2023-08-04 22:45:00'),
(22, 417, 1, '1690771592_32_speaking.xml', 85, 100, 50, 2, '2023-07-31 02:46:32', '2023-07-30 18:39:40', '2023-07-31 22:25:23'),
(23, 435, 1, '1690771397_10_simple speak block.xml', 90, 100, 50, 2, '2023-07-31 02:43:17', '2023-07-30 18:40:19', '2023-07-31 22:25:52'),
(24, 75, 2, 'VBN', 80, 80, 50, 2, '2023-08-05 10:44:58', NULL, NULL);

-- --------------------------------------------------------

--
-- Table structure for table `failed_jobs`
--

CREATE TABLE `failed_jobs` (
  `id` bigint(20) UNSIGNED NOT NULL,
  `uuid` varchar(255) COLLATE utf8mb4_unicode_ci NOT NULL,
  `connection` text COLLATE utf8mb4_unicode_ci NOT NULL,
  `queue` text COLLATE utf8mb4_unicode_ci NOT NULL,
  `payload` longtext COLLATE utf8mb4_unicode_ci NOT NULL,
  `exception` longtext COLLATE utf8mb4_unicode_ci NOT NULL,
  `failed_at` timestamp NOT NULL DEFAULT current_timestamp()
) ENGINE=InnoDB DEFAULT CHARSET=utf8mb4 COLLATE=utf8mb4_unicode_ci;

-- --------------------------------------------------------

--
-- Table structure for table `learnings`
--

CREATE TABLE `learnings` (
  `id` bigint(20) UNSIGNED NOT NULL,
  `course_id` bigint(20) UNSIGNED NOT NULL,
  `user_id` bigint(20) UNSIGNED NOT NULL,
  `status` int(11) NOT NULL DEFAULT 0,
  `finish_date` datetime DEFAULT NULL,
  `created_at` timestamp NULL DEFAULT NULL,
  `updated_at` timestamp NULL DEFAULT NULL
) ENGINE=InnoDB DEFAULT CHARSET=utf8mb4 COLLATE=utf8mb4_unicode_ci;

--
-- Dumping data for table `learnings`
--

INSERT INTO `learnings` (`id`, `course_id`, `user_id`, `status`, `finish_date`, `created_at`, `updated_at`) VALUES
(1, 1, 5, 1, NULL, '2023-07-14 00:56:42', '2023-07-14 01:55:55'),
(2, 2, 5, 0, NULL, '2023-07-14 02:16:24', '2023-07-14 02:16:24'),
(3, 1, 7, 0, NULL, '2023-07-30 18:38:32', '2023-07-30 18:38:32'),
(4, 1, 8, 0, NULL, '2023-07-30 18:39:07', '2023-07-30 18:39:07'),
(5, 1, 26, 0, NULL, '2023-07-30 18:39:08', '2023-07-30 18:39:08'),
(6, 1, 16, 0, NULL, '2023-07-30 18:39:08', '2023-07-30 18:39:08'),
(7, 1, 30, 0, NULL, '2023-07-30 18:39:08', '2023-07-30 18:39:08'),
(8, 1, 15, 0, NULL, '2023-07-30 18:39:09', '2023-07-30 18:39:09'),
(9, 1, 17, 0, NULL, '2023-07-30 18:39:09', '2023-07-30 18:39:09'),
(10, 1, 11, 0, NULL, '2023-07-30 18:39:09', '2023-07-30 18:39:09'),
(11, 1, 22, 0, NULL, '2023-07-30 18:39:10', '2023-07-30 18:39:10'),
(12, 1, 18, 0, NULL, '2023-07-30 18:39:10', '2023-07-30 18:39:10'),
(13, 1, 24, 0, NULL, '2023-07-30 18:39:11', '2023-07-30 18:39:11'),
(14, 1, 19, 0, NULL, '2023-07-30 18:39:11', '2023-07-30 18:39:11'),
(15, 1, 21, 0, NULL, '2023-07-30 18:39:11', '2023-07-30 18:39:11'),
(16, 1, 25, 0, NULL, '2023-07-30 18:39:12', '2023-07-30 18:39:12'),
(17, 1, 12, 0, NULL, '2023-07-30 18:39:12', '2023-07-30 18:39:12'),
(18, 1, 23, 0, NULL, '2023-07-30 18:39:12', '2023-07-30 18:39:12'),
(19, 1, 9, 0, NULL, '2023-07-30 18:39:13', '2023-07-30 18:39:13'),
(20, 1, 13, 0, NULL, '2023-07-30 18:39:13', '2023-07-30 18:39:13'),
(21, 1, 28, 0, NULL, '2023-07-30 18:39:15', '2023-07-30 18:39:15'),
(22, 1, 20, 0, NULL, '2023-07-30 18:39:24', '2023-07-30 18:39:24'),
(23, 1, 32, 0, NULL, '2023-07-30 18:39:40', '2023-07-30 18:39:40'),
(24, 1, 10, 0, NULL, '2023-07-30 18:40:19', '2023-07-30 18:40:19'),
(25, 2, 7, 0, NULL, '2023-08-03 20:17:31', '2023-08-03 20:17:31'),
(26, 2, 13, 0, NULL, '2023-08-03 20:19:09', '2023-08-03 20:19:09'),
(27, 2, 8, 0, NULL, '2023-08-03 20:19:23', '2023-08-03 20:19:23'),
(28, 2, 24, 0, NULL, '2023-08-03 20:19:23', '2023-08-03 20:19:23'),
(29, 2, 10, 0, NULL, '2023-08-03 20:19:24', '2023-08-03 20:19:24'),
(30, 2, 28, 0, NULL, '2023-08-03 20:19:24', '2023-08-03 20:19:24'),
(31, 2, 9, 0, NULL, '2023-08-03 20:19:24', '2023-08-03 20:19:24'),
(32, 2, 30, 0, NULL, '2023-08-03 20:19:25', '2023-08-03 20:19:25'),
(33, 2, 15, 0, NULL, '2023-08-03 20:19:25', '2023-08-03 20:19:25'),
(34, 2, 17, 0, NULL, '2023-08-03 20:19:25', '2023-08-03 20:19:25'),
(35, 2, 16, 0, NULL, '2023-08-03 20:19:26', '2023-08-03 20:19:26'),
(36, 2, 26, 0, NULL, '2023-08-03 20:19:26', '2023-08-03 20:19:26'),
(37, 2, 21, 0, NULL, '2023-08-03 20:19:27', '2023-08-03 20:19:27'),
(38, 2, 32, 0, NULL, '2023-08-03 20:19:28', '2023-08-03 20:19:28'),
(39, 2, 11, 0, NULL, '2023-08-03 20:19:30', '2023-08-03 20:19:30'),
(40, 2, 25, 0, NULL, '2023-08-03 20:19:34', '2023-08-03 20:19:34'),
(41, 2, 19, 0, NULL, '2023-08-03 20:19:34', '2023-08-03 20:19:34'),
(42, 2, 12, 0, NULL, '2023-08-03 20:19:46', '2023-08-03 20:19:46'),
(43, 2, 22, 0, NULL, '2023-08-03 20:19:51', '2023-08-03 20:19:51'),
(44, 2, 20, 0, NULL, '2023-08-03 20:21:04', '2023-08-03 20:21:04'),
(45, 2, 18, 0, NULL, '2023-08-03 20:22:00', '2023-08-03 20:22:00');

-- --------------------------------------------------------

--
-- Table structure for table `materials`
--

CREATE TABLE `materials` (
  `id` bigint(20) UNSIGNED NOT NULL,
  `content_id` bigint(20) UNSIGNED NOT NULL,
  `isi` text COLLATE utf8mb4_unicode_ci NOT NULL,
  `xp` int(11) NOT NULL,
  `created_at` timestamp NULL DEFAULT NULL,
  `updated_at` timestamp NULL DEFAULT NULL
) ENGINE=InnoDB DEFAULT CHARSET=utf8mb4 COLLATE=utf8mb4_unicode_ci;

--
-- Dumping data for table `materials`
--

INSERT INTO `materials` (`id`, `content_id`, `isi`, `xp`, `created_at`, `updated_at`) VALUES
(1, 1, '<p>Artificial Intelligence (AI) atau dalam bahasa Indonesia adalah kecerdasan buatan merupakan istilah yang digunakan untuk menggambarkan produk di mana mesin atau sistem melakukan sesuatu yang biasanya membutuhkan kecerdasan manusia (Lane, 2021).</p><br><p>Banyak teknik untuk membuat sebuah mesin atau sistem dapat memiliki kecerdasan manusia, salah satu teknik paling popular dalam AI adalah machine learning (ML). ML berguna untuk tugas-tugas dengan langkah-langkah yang akan memakan waktu terlalu lama dan rumit untuk ditulis, oleh karena itu ML memberikan kemudahan untuk melakukan tugas tersebut dengan cara menunjukan contoh tugas pada mesin atau sistem secara berulang kali hingga menemukan pola tugas tersebut.</p><br><p>Apakah kalian pernah menggunakan fitur pada google translate yang dapat mengeluarkan suara sesuai dengan kalimat yang akan diterjemahkan ataupun hasil terjemahan?</p><br><img class=\"object-contain w-96 mx-auto\" src=\"/res/img/course/ss-1.png\" alt=\"\"><br><p>Sistem tersebut adalah gambaran produk AI yang dibangun dengan machine learning agar dapat mengubah teks menjadi suara, saat ini hal tersebut disebut speech synthesis.</p><br><p>Speech Synthesis merupakan salah satu bentuk machine learning yang biasa dikenal dengan text-to-speech (TTS). Speech Synthesis adalah teknologi komprehensif yang melibatkan banyak disiplin ilmu seperti akustik, linguistik, pemrosesan sinyal digital, dan statistik yang bertujuan untuk mengubah informasi teks menjadi ucapan secara real time.</p>', 10, '2023-07-14 00:37:17', '2023-07-14 00:37:17'),
(2, 2, '<p>Sebelum membahas teknis dibalik speech synthesis, mari kita lihat bagaimana speech synthesis dapat digunakan. Dimulai dengan blok program paling sederhana untuk mengeluarkan suara (berbicara). </p><ul class=\"list-inside list-disc\"><li>Klik snap! dibawah</li><li>Klik blok Speak untuk melihat apakah itu bekerja?</li><li>Cobalah untuk mengubah bahasa dan yang akan diucapkan oleh blok Speak!</li></ul><br><figure class = \"snap-iframe\" id = \"simple speak block\" container_style = \"width: 560px; height: 150px\"></figure><p class=\"my-2 text-center\">Jika gagal memuat, <a href=\"https://ecraft2learn.github.io/ai/snap/snap.html?project=simple%20speak%20block&editMode\" class=\"font-bold text-primary\" target=\"_blank\">klik disini!</a></p><p class=\"font-semibold mt-4\">Catatan:</p><ul class=\"list-inside list-disc\"><li>Blok perintah set default language digunakan untuk mengubah bahasa yang akan digunakan.</li><li>Untuk mengubah bahasa hanya perlu memasukan nama bahasa ataupun menggunakan kode bahasa, seperti ID yang digunakan untuk bahasa Indonesia. <a class=\"text-blue-400\" href=\"https://en.wikipedia.org/wiki/IETF_language_tag\" target=\"_blank\">(Lihat kode bahasa lainnya)</a></li></ul>', 10, '2023-07-14 00:37:17', '2023-07-14 00:37:17'),
(3, 3, '<p>Kalau kalian tahu speech synthesis bisa melakukan lebih dari sekedar mengucapkan setiap kata hanya dalam sebuah kalimat loh.</p><p>Speech synthesis berusaha menghasilkan pengucapan secara natural, seperti intonasi, nada, tekanan, dan ritme. Selain itu, pengucapan pertanyaan dan kalimat yang deklaratif akan memiliki perbedaan. </p><p>Contoh berikut adalah perbedaan bagaimana pengucapan kalimat yang dibuat per kata dan kalimat utuh. </p><br><figure class=\"snap-iframe\" id=\"separate words\" container_style=\"width: 560px; height: 200px\"></figure><p class=\"my-2 text-center\">Jika gagal memuat, <a href=\"https://ecraft2learn.github.io/ai/snap/snap.html?project=separate%20words&editMode\" class=\"font-bold text-primary\" target=\"_blank\">klik disini!</a></p><p>Kalian bisa mencobanya dengan mengubah bentuk pertanyaan menjadi kalimat deklaratif, apakah ada perbedaan dalam pengucapannya?</p> ', 10, '2023-07-14 00:37:17', '2023-07-14 00:37:17'),
(4, 4, '<p>Selain dapat mengucapkan kalimat utuh, speech synthesis dapat berbicara persis seperti manusia dalam pengucapan angka, simbol, bahkan sampai format tanggal</p><p>Berikut contoh bagaimana speech synthesis dapat mengucapkan angka dan format tanggal, Cobalah!</p><br><figure class=\"snap-iframe\" id=\"numbers signs\" container_style=\"width: 560px; height: 132px\" caption=\"\"> </figure><p class=\"my-2 text-center\">Jika gagal memuat, <a href=\"https://ecraft2learn.github.io/ai/snap/snap.html?project=numbers%20signs&editMode\" class=\"font-bold text-primary\" target=\"_blank\">klik disini!</a></p>\r\n            <p>Bagaimana apakah sudah terbayang akan membuat sebuah produk AI menggunakan speech synthesis?</p> ', 10, '2023-07-14 00:37:18', '2023-07-14 00:37:18'),
(5, 5, '<p>Cobalah edit snap! di bawah untuk melihat bagaimana angka yang berbeda dan simbol khusus diucapkan! Lihat juga ketika kita mengganti bahasa, apakah akan berbeda?</p><br><figure class=\"snap-iframe\" id=\"numbers signs\" container_style=\"width: 560px; height: 132px\" caption=\"\"> </figure> <p class=\"mt-2 text-center\">Jika gagal memuat, <a href=\"https://ecraft2learn.github.io/ai/snap/snap.html?project=numbers%20signs&editMode\" class=\"font-bold text-primary\" target=\"_blank\">klik disini!</a></p>', 10, '2023-07-14 00:37:18', '2023-07-14 00:37:18'),
(6, 7, '<p>Setelah mempelajari bagaimana speech synthesis secara sederhana, kita akan memahami efek suara pada speech synthesis. Contohnya kita ingin membuat komputer untuk berbicara, kemudian diinterupsi oleh bel pintu, dan ada respon setelah bel pintu berbunyi, program tersebut dapat dilihat pada contoh berikut</p><br><figure class=\"snap-iframe\" id=\"doorbell problem\" container_style=\"width: 560px; height: 132px\" caption=\"\"></figure><p class=\"my-2 text-center\">Jika gagal memuat, <a href=\"https://ecraft2learn.github.io/ai/snap/snap.html?project=doorbell%20problem&editMode\" class=\"font-bold text-primary\" target=\"_blank\">klik disini!</a></p><br><p>Bagaimana apakah ada masalah pada contoh tersebut?</p> <p>Ya, Masalahnya adalah bel pintu berbunyi bersamaan dengan pengucapan kalimat pertama. Hal tersebut terjadi karena block Speak memberitahu browser untuk mulai berbicara dan block lainnya sejajar dengan block speak sehingga terjadi masalah, contoh disini adalah block <span class=\"bg-fuchsia-500 px-2 rounded-md text-white\">play sound</span>. </p> <br><p>Untuk mengatasi masalah tersebut yaitu dengan membunyikan bel pintu setelah pengucapan kalimat pertama selesai. Untuk itu, kita memerlukan blok yang sedikit lebih kompleks yang dapat menerima tindakan yang harus dilakukan setelah blok speak dijalankan. Berikut yang harus dilakukan agar hal tersebut dapat diperbaiki :</p><br><figure class=\"snap-iframe\" id=\"doorbell fix\" container_style=\"width: 560px; height: 132px\" caption=\"\"></figure><p class=\"my-2 text-center\">Jika gagal memuat, <a href=\"https://ecraft2learn.github.io/ai/snap/snap.html?project=doorbell%20fix&editMode\" class=\"font-bold text-primary\" target=\"_blank\">klik disini!</a></p><br><p>Terlihat perbedaan bukan? Pada kasus ini kita menambahkan perintah <span class=\"bg-fuchsia-500 px-2 rounded-md text-white\">then</span> setelah blok speak kalimat pertama dan dilanjutkan dengan pemutaran efek suara bel pintu yang ditambahkan <span class=\"bg-fuchsia-500 px-2 rounded-md text-white\">until done</span> dan diakhiri dengan blok <span class=\"bg-fuchsia-500 px-2 rounded-md text-white\">speak</span> untuk mengucapkan kalimat kedua.</p><br><p>Catatan:</p>\r\n            <p>Kemampuan untuk mengungkapkan apa yang harus terjadi setelah selesai berbicara adalah kemampuan yang berguna. Misalnya, program mungkin berbicara beberapa penjelasan dan kemudian melakukan sesuatu di layar. Dalam beberapa contoh di chapter selanjutnya program akan mendengarkan suara yang diucapkan oleh kita setelah program selesai bicara.</p><br><p>Mari kita lanjutkan ke materi selanjutnya yaitu mengontrol speech synthesis!</p>', 10, '2023-07-14 00:37:18', '2023-07-14 00:37:18'),
(7, 8, '<p>Dalam kehidupan sehari-hari seseorang dapat berbicara secara lambat atau cepat, dalam nada rendah atau tinggi, dengan suara pelan atau keras, dan banyak lagi. Setiap orang pastinya memiliki suara dan aksen yang berbeda.</p><br><p>Untuk mencerminkan kemampuan tersebut, kita dapat menggunakan blok yang lebih kompleks. Cobalah contoh berikut!</p><br><figure class=\"snap-iframe\" id=\"rate pitch volume\" container_style=\"width: 560px; height: 132px\" caption=\"\"></figure><p class=\"my-2 text-center\">Jika gagal memuat, <a href=\"https://ecraft2learn.github.io/ai/snap/snap.html?project=rate%20pitch%20volume&editMode\" class=\"font-bold text-primary\" target=\"_blank\">klik disini!</a></p><br><p>Pada contoh diatas, blok memiliki beberapa parameter seperti <span class=\"bg-fuchsia-500 px-2 rounded-md text-white\">with pitch</span> , <span class=\"bg-fuchsia-500 px-2 rounded-md text-white\">with rate</span> , <span class=\"bg-fuchsia-500 px-2 rounded-md text-white\">with voice</span> , dan <span class=\"bg-fuchsia-500 px-2 rounded-md text-white\">with volume</span> yang dapat diisi dengan nilai. Nilai 1 menandakan normal, jika nilai dibawah 1 seperti nilai pecahan menandakan nada rendah, laju lambat, atau volume rendah. Kebalikannya jika nilai di atas 1 menandakan nada tinggi, laju cepat, atau volume tinggi.</p><br><p>Catatan : Perhatikan bahwa ini tergantung pada suara dan browser yang digunakan, beberapa parameter tersebut mungkin akan diabaikan</p>', 10, '2023-07-14 00:37:18', '2023-07-14 00:37:18'),
(8, 9, '<p>Pada contoh sebelumnya terdapat parameter  <span class=\"font-bold text-fuchsia-700\">in language</span>  dalam blok speak, parameter tersebut dapat diisi dengan nama bahasa yang akan digunakan atau dengan kode bahasa, seperti ID yang digunakan untuk bahasa Indonesia. <a class=\"text-blue-400\" href=\"https://en.wikipedia.org/wiki/IETF_language_tag\" target=\"_blank\">(Lihat kode bahasa lainnya)</a></p><br><p>Pemilihan jenis suara <span class=\"font-bold text-fuchsia-700\">with voice</span> yang tersedia tergantung pada browser dan sistem operasi komputer yang digunakan. Untuk melihat daftar suara dapat mengklik <span class=\"font-bold text-fuchsia-700\">get voice names</span> dan gunakan nomor suara yang ada di daftar pada parameter <span class=\"font-bold text-fuchsia-700\">with voice</span> . Kita juga dapat menggunakan <span class=\"font-bold text-fuchsia-700\">voice that matches</span> untuk menemukan suara yang cocok dengan pencarian kita seperti pada contoh berikut</p><br><figure class=\"snap-iframe\" id=\"voices\" container_style=\"width: 560px; height: 600px\" caption=\"\"></figure><p class=\"my-2 text-center\">Jika gagal memuat, <a href=\"https://ecraft2learn.github.io/ai/snap/snap.html?project=voices&editMode\" class=\"font-bold text-primary\" target=\"_blank\">klik disini!</a></p><br><p>Sebuah suara lebih dari sekedar suara. Dengarkan contoh di bawah ini dalam mengucapkan tanggal. Kedua blok tersebut menghasilkan pengucapan yang berbeda berdasarkan bahasa inggris yang digunakan, blok pertama menggunakan bahasa inggris UK dan blok kedua menggunakan bahasa inggris US.</p><br><figure class=\"snap-iframe\" id=\"dates\" container_style=\"width: 560px; height: 700px\" caption=\"\"></figure> <p class=\"my-2 text-center\">Jika gagal memuat, <a href=\"https://ecraft2learn.github.io/ai/snap/snap.html?project=dates&editMode\" class=\"font-bold text-primary\" target=\"_blank\">klik disini!</a></p>', 10, '2023-07-14 00:37:18', '2023-07-14 00:37:18'),
(9, 10, '<p>Pada snap berikut, ubah nilai parameter ke angka yang kurang dari 1 dan kemudian lebih besar dari 1. Lakukan hal yang sama untuk nada (<span class=\"font-bold text-fuchsia-700\">with pitch</span>). Cobalah suara (voice) yang berbeda. Kita dapat melihat daftar suara yang tersedia di browser dengan klik blok <span class=\"font-bold text-fuchsia-700\">get voice name</span>. Beberapa dari pilihan tersebut dimaksudkan untuk berbicara menggunakan bahasa lain.</p><br><figure class=\"snap-iframe\" id=\"rate pitch volume\" container_style=\"width: 560px; height: 132px\" caption=\"\"></figure><p class=\"my-2 text-center\">Jika gagal memuat, <a href=\"https://ecraft2learn.github.io/ai/snap/snap.html?project=rate%20pitch%20volume&editMode\" class=\"font-bold text-primary\" target=\"_blank\">klik disini!</a></p><br><p>Sampai sini kita sudah memahami bagaimana mengontrol suara yang dihasilkan oleh speech synthesis, menyenangkan bukan?</p>', 10, '2023-07-14 00:37:18', '2023-07-14 00:37:18'),
(10, 12, '<p>Sangat menarik untuk mengeksplorasi bagaimana suara yang berbeda dalam mengucapkan yang bukan termasuk kata seperti \"grrrrrrrrrrrrr\". Dengarkan bagaimana suaranya untuk setiap suara dan kemudian jelajahi yang bukan termasuk kata lainnya (misal, hmmmm).</p><br><figure class=\"snap-iframe\" id=\"grrrrrrr\" full_screen=\"true\" container_style=\"width: 560px; height: 480px\" caption=\"\"></figure><p class=\"my-2 text-center\">Jika gagal memuat, <a href=\"https://ecraft2learn.github.io/ai/snap/snap.html?project=grrrrrrr\" class=\"font-bold text-primary\" target=\"_blank\">klik disini!</a></p><br><p>Bisakah kalian membuatnya menggeram dengan menurunkan nada dan kecepatannya? Cobalah pada program di atas!</p>', 10, '2023-07-14 00:37:18', '2023-07-14 00:37:18'),
(11, 13, '<p>Contoh program Speech Synthesis berikut ini menggunakan nilai random untuk <span class=\"font-bold text-fuchsia-700\">rate</span>, <span class=\"font-bold text-fuchsia-700\">pitch</span>, dan <span class=\"font-bold text-fuchsia-700\">voice</span>. Ketika kita mengklik angka pada gambar, angka random diucapkan dengan suara random (dan karenanya bahasa juga random) serta pitch dan rate random.</p> <br><p>Burung beo mengulangi apa yang didengarnya (Speech Recognition). Mendengar ucapan kita berulang-ulang dengan suara aneh dengan pitch dan rate random sehingga dapat menghibur.</p><br><figure class=\"snap-iframe\" id=\"speak randomly\" full_screen=\"true\" container_style=\"width: 560px; height: 480px\" caption=\"Click bendera hijau untuk mendengarkan bebicara secara random\"></figure><p class=\"my-2 text-center\">Jika gagal memuat, <a href=\"https://ecraft2learn.github.io/ai/snap/snap.html?project=speak%20randomly\" class=\"font-bold text-primary\" target=\"_blank\">klik disini!</a></p>', 10, '2023-07-14 00:37:18', '2023-07-14 00:37:18'),
(12, 14, '<p>Berikut beberapa ide proyek yang mungking dapat dikerjakan oleh teman-teman nantinya</p>\r\n            <br>\r\n            <ol class=\"list-alpha list-outside\">\r\n              <li>Mintalah sprite bermain di mana setiap sprite berbicara dengan suara yang berbeda.</li>\r\n              <li>Buat pembaca halaman yang berbicara tentang konten di web.</li>\r\n              <li>Tingkatkan program untuk berbicara saat dijalankan untuk menghasilkan penjelasan atau bantuan dalam\r\n                debugging.</li>\r\n              <li>Buat jam bicara atau kalkulator.</li>\r\n              <li>Buat permainan mengeja di mana kata-kata yang akan dieja diucapkan.</li>\r\n            </ol>', 10, '2023-07-14 00:37:18', '2023-07-14 00:37:18'),
(13, 15, '<p>Tahukah kamu? bahwa speech synthesis adalah cara yang baik bagi perangkat lunak untuk berkomunikasi dengan orang-orang tuna netra, seperti jam bicara atau robot tanpa tampilan. </p><br>\r\n            <p>Selain itu speech synthesis dapat digunakan ketika mata seseorang perlu memperhatikan lain seperti pilot yang menerbangkan pesawat atau ahli bedah selam operasi pasien.</p><br>\r\n            <p>Speech synthesis seringkali menjadi cara terbaik untuk berkomunikasi dengan anak-anak atau orang dewasa yang belum belajar membaca. Bahkan speech synthesis dapat memberikan cara bagi orang-orang yang secara fisik tidak dapat berbicara dapat berkomunikasi dengan orang lain, karena hal tersebut menciptakan percakapan yang lebih alami, ramah, dan menyenangkan daripada menggunakan monitor, keyboard, mouse, dan alat lainnya.</p><br>', 10, '2023-07-14 00:37:18', '2023-07-14 00:37:18'),
(14, 16, '<p>Jawabanya Ya, karena saat teknologi semakin maju, hal tersebut memungkinkan pekerjaan orang lain tergantikan dengan teknologi. Kekhawatiran yang lebih serius adalah ketika pada generasi berikutnya dari speech synthesis dapat membodohi orang agar berpikir bahwa seseorang mengatakan sesuatu yang padahal tidak mereka katakan. Hal tersebut sangat mengkhawatirkan dalam kombinasi dengan teknologi yang dapat mengubah ekspresi emosional dan sinkronisasi bibir pada video.</p>', 10, '2023-07-14 00:37:18', '2023-07-14 00:37:18'),
(15, 19, '<p>Sebelum mulai pembelajaran, yuk simak video di bawah ini terlebih dahulu!</p>\r\n            <br>\r\n            <center> \r\n                <iframe width=\"560\" height=\"315\" src=\"https://www.youtube.com/embed/_rdINNHLYaQ\" title=\"YouTube video player\" frameborder=\"0\" allow=\"accelerometer; autoplay; clipboard-write; encrypted-media; gyroscope; picture-in-picture\" allowfullscreen></iframe>\r\n            </center>\r\n            <br>\r\n            <p>\r\n                Dari video di atas bisa disimpulkan bahwa Machine Learning adalah salah satu cara \r\n                yang bisa digunakan untuk menyelesaikan suatu permasalahan dalam banyak bidang dan pastinya meningkatkan kualitas kehidupan.\r\n            </p><br>\r\n            <p>\r\n                Eits, tapi Kamu udah tahu apa itu Machine Learning? Tapi sebelumnya, lihat gambar di bawah ini dulu yuk!\r\n            </p><br>\r\n            <center>\r\n                <img src=\"/assets/img/googlephoto.png\" width=\"70%\">\r\n            </center><br>\r\n            <p> Kamu pasti sangat familiar dengan gambar di atas bukan? </p><br>\r\n            <p>\r\n                Yap! Betul sekali, itu adalah Google Assistant dan penelusuran Google dengan gambar yang sering dtemui pada smartphone kamu!\r\n            </p><br>\r\n            <p> Sekarang, apakah Kamu pernah penasaran bagaimana kedua hal itu bekerja?  </p><br>\r\n            <p>\r\n                Google bekerja memanfaatkan metode Machine Learning. Komputer sebagai mesin akan belajar untuk mengenali pola dari lingkungan. Poses belajar dilakukan secara mandiri. Programer tidak akan menuliskan program yang panjang untuk agar komputer bisa melakukan pekerjaannya. Sehingga, kita tidak perlu menuliskan kode program yang panjang untuk mendapatkan hasil dari beberapa contoh tersebut. \r\n            </p><br>\r\n            <p> Hmm, menarik bukan? Di bawah ini kamu bisa menonton penjelasan singkat tentang Machine Learning </p><br>\r\n            <center>\r\n                <iframe width=\"560\" height=\"315\" src=\"https://www.youtube.com/embed/-DEL6SVRPw0\" title=\"YouTube video player\" frameborder=\"0\" allow=\"accelerometer; autoplay; clipboard-write; encrypted-media; gyroscope; picture-in-picture\" allowfullscreen></iframe>\r\n            </center><br>\r\n            <p>Teknologi Machine Learning (ML) adalah mesin yang dikembangkan untuk bisa belajar dengan sendirinya tanpa arahan dari penggunanya. ML akan mempelajari data yang ada dan data yang ia peroleh sehingga bisa melakukan tugas tertentu. Tugas yang dapat dilakukan oleh ML pun sangat beragam, tergantung dari apa yang ia pelajari.</p><br>\r\n            <p> Pada saat komputer belajar, Machine Learning harus mengeneralisasi perilaku dari data yang ada untuk menghasilkan insight yang berguna dalam suatu kasus. Pertanyaannya, bagaimana komputer melakukan hal tersebut?</p><br>\r\n            <p>Yap! Dengan adanya Data Training dan Data Testing. Kedua hal itu sangat penting dalam ML, karena data merupakan kebutuhan utama yang dapat memproses suatu program ML sesuai dengan rancangan nya. Apa itu?</p><br>\r\n            \r\n            <section class=\"py-4\">\r\n                <div class=\"row\">\r\n                    <br><br>\r\n                    <div class=\"col-lg-5\">\r\n                        <img src=\"/assets/img/aset1.png\" width=\"40%\">\r\n                    </div>\r\n                    <div class=\"col-lg-7\">\r\n                        <br>\r\n                        <p>\r\n                            <b>Training set</b> adalah bagian dataset yang dilatih untuk membuat prediksi atau menjalankan fungsi dari algoritma ML sesuai tujuannya. Training dilakukan untuk memberi tahu mesin akan dari apa yang sudah mereka pelajari.\r\n                        </p><br>\r\n                        <p>\r\n                            <b>Test set</b> Test set adalah bagian dataset yang dtes untuk melihat keakuratan dengan menggunakan \"confidence scores\" yaitu angka antara 0 dan 1 yang menunjukkan kemungkinan keluaran model ML yang benar.\r\n                        </p>\r\n                    /div>\r\n                </div>\r\n            </section> ', 10, '2023-07-14 00:37:18', '2023-07-14 00:37:18'),
(16, 20, '<center> <img src=\"/assets/img/aset2.png\" width=\"30%\"> </center>\r\n            <br>\r\n            <p>\r\n                Pada chapter ini, kamu bisa bereksperimen dengan Machine Learning menggunakan Snap!\r\n                Kamu akan belajar jenis-jenis input yang dapat dengan mudah dibedakan oleh mesin dan mana yang membingungkan.\r\n            </p><br>\r\n            <p style=\"font-size: 18px\">\r\n                Pada Chapter ini juga, label untuk input sudah disediakan. Mesin akan mempelajari label-label tersebut melalui proses training.\r\n            </p><br>', 10, '2023-07-14 00:37:19', '2023-07-14 00:37:19'),
(17, 21, '<p> Seperti yang sudah dibahas sebelumnya, Training set adalah bagian dataset yang dilatih untuk membuat prediksi atau menjalankan fungsi dari algoritma ML sesuai tujuannya. Training dilakukan untuk memberi tahu mesin akan dari apa yang sudah mereka pelajari.</p><br>\r\n            <p>\r\n                Di sini, disediakan halaman Training dengan button “Save Your Training” seperti di bawah ini, yang bisa kamu pakai untuk menyimpan file training kamu!\r\n            </p><br>\r\n            <center> \r\n                <img src=\"/assets/img/aset/aset3.png\" width=\"50%\">\r\n            </center>\r\n            <br><br>\r\n            <p> Untuk load training yang telah disimpan, kamu dapat melakukannya dengan 2 cara: </p>\r\n            <p><b> 1.	Load file dari sistem penyimpanan lokal </b></p>\r\n            <p><b> 2.	Load file dari web dengan memasukkan URL untuk mengaksesnya </b></p>\r\n            <br>\r\n            <p>\r\n                Ayo coba dengan program di bawah ini!\r\n            </p><br>\r\n            <iframe src=\"https://ecraft2learn.github.io/ai/snap/snap.html?project=load%20training&editMode\" title=\"eCraft2Learn\" width=”560” height=”132”></iframe><p class=\"my-2 text-center\">Jika gagal memuat, <a href=\"https://ecraft2learn.github.io/ai/snap/snap.html?project=load%20training&editMode\" class=\"font-bold text-primary\" target=\"_blank\">klik disini!</a></p>', 10, '2023-07-14 00:37:19', '2023-07-14 00:37:19'),
(18, 22, '<p>Seperti judulnya, pada bagian ini kamu akan bereksperimen blok untuk training gambar dengan \r\n            menggunakan kamera. Ada beberapa blok di bawah ini yang bisa kamu coba untuk memahami konsep train gambar. </p>\r\n            <p>Ayo lakukan eksperimen!</p><br>\r\n            <iframe src=\"https://ecraft2learn.github.io/ai/snap/snap.html?project=camera%20train\" title=\"eCraft2Learn\" width=”560” height=”132”></iframe><p class=\"my-2 text-center\">Jika gagal memuat, <a href=\"https://ecraft2learn.github.io/ai/snap/snap.html?project=camera%20train\" class=\"font-bold text-primary\" target=\"_blank\">klik disini!</a></p>\r\n            <br>\r\n            <center><img src=\"/assets/img/blocks/blok-1.png\" alt=\"ecraft2learn\" width=\"30%\"></center>\r\n            <p>Blok di atas adalah untuk membuka tab di mana kamu bisa train sistem dengan memberi label menggunakan kameramu. Pada argumen pertama, kamu bisa lihat list dari label-label yang sudah ditentukan. Masing-masing label mempunyai bucket untuk menampung data gambar.\r\n            </p>\r\n            <p>Pada contoh berikut ini, terdapat dua label, yaitu “leaning to the left” dan “leaning to the right”. Kamu bisa mengedit list untuk mengenali ekspresi, wajah orang, atau objek yang berbeda di depan kamera, dan masih banyak lagi. \r\n            </p>\r\n            <p>Blok tersebut hanya membutuhkan argument pertama yang memberi tahu bucket dari suatu label. Hal itu memiliki tiga argument opsional tambahan, yaitu:\r\n            </p><br>\r\n            <center> \r\n                <img src=\"/assets/img/aset/aset4.png\" alt=\"ecraft2learn\" width=\"80%\" class=\"img-fluid rounded\">\r\n            </center>', 10, '2023-07-14 00:37:19', '2023-07-14 00:37:19'),
(19, 23, '<p> Sprite adalah gambar atau objek yang bisa diprogram. Pada Snap! sprite dapat di costumes sesuai keinginan kita, baik berbentuk gambar ataupun foto. Berikut adalah tampilannya:\r\n            </p>\r\n            <center> \r\n                <img src=\"/assets/img/aset/aset5.png\" alt=\"ecraft2learn\" width=\"25%\" class=\"img-fluid rounded\">\r\n            </center><br>\r\n\r\n            <p> Di bawah ini, kamu bisa mencoba blok untuk train sprite yang telah kamu buat </p>\r\n            <center> \r\n                <a href=\"https://ecraft2learn.github.io/ai/snap/snap.html?project=cats%20and%20dogs#using-costumes\" target=”_blank”>\r\n                    <img src=\"/assets/img/blocks/blok3.png\" alt=\"ecraft2learn\" width=\"50%\" class=\"img-fluid rounded\">\r\n                </a>\r\n            </center><br>\r\n            <p>Dengan program tersebut, kamu dapat bereksperimen dengan beberapa blok, yaitu: </p>\r\n\r\n            <p>\r\n                Blok <img src=\"/assets/img/blocks/blok-2.png\" alt=\"ecraft2learn\" width=\"30%\">\r\n                untuk mengirimkan semua sprite kamu ke tab training\r\n            </p>\r\n            <p>\r\n                Blok <img src=\"/assets/img/blocks/blok-3.png\" alt=\"ecraft2learn\" width=\"30%\">\r\n                untuk train gambar-gambar kamu\r\n            </p>\r\n            <p>\r\n                Blok <img src=\"/assets/img/blocks/blok-4.png\" alt=\"ecraft2learn\" width=\"30%\">\r\n                untuk mendapatkan nilai confidences dari sprite \r\n            </p><br>\r\n\r\n            <hr>\r\n            \r\n            <p class=\"text-orange\">\r\n                <b><i>Note:</i></b>\r\n            </p>\r\n            <p>\r\n                Blok <img src=\"/assets/img/blocks/blok-3.png\" alt=\"ecraft2learn\" width=\"30%\">\r\n                adalah versi sederhana dari blok <img src=\"/assets/img/blocks/blok-1.png\" alt=\"ecraft2learn\" width=\"30%\">\r\n                untuk menghindari penggunaan kamera saat training data.\r\n            </p><br>', 10, '2023-07-14 00:37:20', '2023-07-14 00:37:20'),
(20, 24, '<p>Di sini, kamu dapat mencoba program untuk mengenali gambar tanpa training.\r\n            Gimana caranya? Yaitu dengan menggunakan model pembelajaran mesin terlatih bernama MobileNet. </p>\r\n            <center>\r\n                <a href=\"https://arxiv.org/abs/1704.04861\">\r\n                    <button type=\"button\" class=\"btn btn-primary btn-lg\">MobileNet</button>\r\n                </a>\r\n            </center><br>\r\n            <p>\r\n                Model ini berjalan di browser kamu dan tidak menghubungi layanan cloud apapun. Meskipun jika memilih di antara 1000 label, itu tidak akan sebaik layanan cloud. MobileNet berguna untuk masalah dalam mendaftar untuk kunci API, atau akses Internet terbatas atau hilang, atau menyangkut privasi. Namun, itu bergantung pada perangkat Kamu yang memiliki GPU untuk berjalan pada kecepatan yang wajar.\r\n            </p>\r\n\r\n            <center> \r\n                <a href=\"https://ecraft2learn.github.io/ai/snap/snap.html?project=mobilenet#using-costumes\" target=”_blank”>\r\n                    <img src=\"/assets/img/blocks/blok4.png\" alt=\"ecraft2learn\" width=\"50%\" class=\"img-fluid rounded\">\r\n                </a>\r\n            </center><br>\r\n\r\n            <hr>\r\n            \r\n            <p class=\"text-orange\">\r\n                <b><i>Note:</i></b>\r\n            </p>\r\n            <p> Program di atas akan lambat saat memuat, tetapi akan berjalan dengan cepat setelahnya. </p><br>', 10, '2023-07-14 00:37:20', '2023-07-14 00:37:20'),
(21, 25, '<p> Untuk latihan, coba kamu train data dengan program di bawah ini untuk melakukan training data ke arah mana jari Kamu menunjuk!\r\n            </p>\r\n            <center> \r\n                <a href=\"https://ecraft2learn.github.io/ai/snap/snap.html?project=follow%20finger\" target=”_blank”>\r\n                    <img src=\"/assets/img/blocks/blok6.png\" alt=\"ecraft2learn\" width=\"50%\" class=\"img-fluid rounded\">\r\n                </a>\r\n            </center><br>\r\n            <p> Ada banyak cara untuk meningkatkan program ini. Salah satunya dalah program selanjutnya di bawah ini! </p>\r\n            <p> Tambahkan label ketiga atau keempat dan gunakan label itu untuk mengontrol turtle. </p>\r\n            <center> \r\n                <a href=\"https://ecraft2learn.github.io/ai/snap/snap.html?project=follow%20lean\" target=”_blank”>\r\n                    <img src=\"/assets/img/blocks/blok5.png\" alt=\"ecraft2learn\" width=\"80%\" class=\"img-fluid rounded\">\r\n                </a>\r\n            </center><br>\r\n\r\n            <p> Dengan program tersebut, kamu dapat bereksperimen dengan beberapa blok, yaitu: </p>\r\n\r\n            <p>\r\n                Blok <img src=\"/assets/img/blocks/blok-2.png\" alt=\"ecraft2learn\" width=\"30%\">\r\n                untuk mengirimkan semua sprite kamu ke tab training\r\n            </p>\r\n            <p>\r\n                Blok <img src=\"/assets/img/blocks/blok-3.png\" alt=\"ecraft2learn\" width=\"30%\">\r\n                untuk train gambar-gambar kamu\r\n            </p>\r\n            <p>\r\n                Blok <img src=\"/assets/img/blocks/blok-4.png\" alt=\"ecraft2learn\" width=\"30%\">\r\n                untuk mendapatkan nilai confidences dari sprite \r\n            </p><br>\r\n\r\n            <hr>\r\n            \r\n            <p class=\"text-orange\">\r\n                <b><i>Note:</i></b>\r\n            </p>\r\n            <p>\r\n                Blok <img src=\"/assets/img/blocks/blok-3.png\" alt=\"ecraft2learn\" width=\"30%\">\r\n                adalah versi sederhana dari blok <img src=\"/assets/img/blocks/blok-1.png\" alt=\"ecraft2learn\" width=\"30%\">\r\n                untuk menghindari penggunaan kamera saat training data.\r\n            </p><br>', 10, '2023-07-14 00:37:20', '2023-07-14 00:37:20'),
(22, 26, '<p>\r\n            Kamu tahu tidak? Komputer itu dapat dilatih untuk membedakan suara yang berbeda termasuk juga ucapan loh! Bagaimana caranya?\r\n            </p>\r\n            <p>\r\n                Nah, di sini Kamu dapat membuat program yang merespons suara apa pun. Kamu juga dapat melatihnya untuk mengenali beberapa kata atau frasa berbeda yang berfungsi secara lokal di komputer Kamu tanpa mengirim audio apa pun ke server cloud.\r\n            </p>\r\n            <p> Ayo coba program di bawah ini! </p>\r\n            <center> \r\n                <a href=\"https://ecraft2learn.github.io/ai/snap/snap.html?project=train%20audio\" target=”_blank”>\r\n                    <img src=\"/assets/img/blocks/blok7.png\" alt=\"ecraft2learn\" width=\"70%\" class=\"img-fluid rounded\">\r\n                </a>\r\n            </center><br>\r\n            <p>\r\n                Blok <img src=\"/assets/img/blocks/blok-5.png\" alt=\"ecraft2learn\" width=\"30%\">\r\n                memiliki opsi untuk menggunakan Pre-trained model dari 20 kata pada perangkat Kamu!\r\n            </p>\r\n            <p>\r\n            Ia mampu mengenali nol, satu, dua, tiga, empat, lima, enam, tujuh, delapan, sembilan, naik, bawah, kiri, kanan, pergi, berhenti, ya, dan tidak.\r\n            </p>\r\n            <p> Hal itu bergantung pada speech command recognizer yang dibuat oleh Google. </p><br>', 10, '2023-07-14 00:37:20', '2023-07-14 00:37:20'),
(23, 27, '<p\">\r\n                Contoh di sini menggunakan training audio untuk memberi tahu sprite agar bisa bergerak \"forward\", \"right\", atau \"stop\".\r\n            </p>\r\n            <center> \r\n                <a href=\"https://ecraft2learn.github.io/ai/snap/snap.html?project=train%20and%20speak%20commands\" target=”_blank”>\r\n                    <img src=\"/assets/img/blocks/blok8.png\" alt=\"ecraft2learn\" width=\"70%\" class=\"img-fluid rounded\">\r\n                </a>\r\n            </center><br>\r\n\r\n            <hr>\r\n            \r\n            <p class=\"text-orange\">\r\n                <b><i>Note:</i></b>\r\n            </p>\r\n            <p>\r\n                Kamu dapat membuat suara atau berbicara dalam bahasa lain dan program akan bekerja dengan baik.\r\n            </p><br>', 10, '2023-07-14 00:37:20', '2023-07-14 00:37:20'),
(24, 28, '<p>\r\n            Apakah Kamu tahu apa itu Google Teachable Machine?\r\n            </p>\r\n            <center><p><i>Klik gambar di bawah ini untuk melihatnya!</i></p></center>\r\n            <center> \r\n                <a href=\"https://teachablemachine.withgoogle.com/\" target=”_blank”>\r\n                    <img src=\"/assets/img/aset/aset6.png\" alt=\"teachablemachine\" width=\"70%\" class=\"img-fluid rounded\">\r\n                </a>\r\n            </center><br><br>\r\n            \r\n            <p>\r\n                Google mengembangkan Teachable Machine untuk mengenalkan proses training untuk kategori foto, suara, dan pose. Setelah melakukan training kamu bisa export model tersebut ke server mereka atau download filenya untuk disimpan di web server kamu.\r\n            </p>\r\n            <p>\r\n                Di bawah ini kamu bisa mecoba blok menggunakan model dari Teachable Machine! Kamu bisa menghentikan audio dengan menggunakan Blok <img src=\"assets/img/blocks/blok-6.png\" alt=\"ecraft2learn\" width=\"45%\">\r\n            </p><br>\r\n            <center> \r\n                <a href=\"https://ecraft2learn.github.io/ai/snap/snap.html?project=teachable%20machine%20exercise#teachable-machine&editMode\" target=”_blank”>\r\n                    <img src=\"/assets/img/blocks/blok9.png\" alt=\"ecraft2learn\" width=\"70%\" class=\"img-fluid rounded\">\r\n                </a>\r\n            </center><br>\r\n\r\n            <hr>\r\n            \r\n            <p class=\"text-orange\">\r\n                <b><i>Note:</i></b>\r\n            </p>\r\n            <p>\r\n                Blok <img src=\"/assets/img/blocks/blok-8.png\" alt=\"ecraft2learn\" width=\"35%\">\r\n                menunjukkan probabilitas bahwa kostum itu ada di setiap kategori yang dilatihnya.\r\n            </p>\r\n            <p>\r\n                Sedangkan berbeda dengan blok <img src=\"/assets/img/blocks/blok-7.png\" alt=\"ecraft2learn\" width=\"60%\">\r\n                yang menjalankan input setiap kali sebuah kata dikenali.\r\n            </p><br>', 10, '2023-07-14 00:37:20', '2023-07-14 00:37:20'),
(25, 29, '<div class=\"col-lg-5\">\r\n            <center>\r\n                <img src=\"/assets/img/aset/aset7.png\" alt=\"ecraft2learn\" width=\"20%\" class=\"img-fluid rounded\">\r\n            </center>\r\n            </div>\r\n            <div class=\"col-lg-6\">\r\n            <br>\r\n                <p>\r\n                    Kamu tahu tidak?\r\n                    Google melatih model deep learning pada lebih dari 64.000 gambar orang loh!\r\n                </p>\r\n                <p>\r\n                    Apa itu Deep learning? Deep learning adalah bagian dari kecerdasan buatan dan machine learning, yang merupakan pengembangan dari neural network multiple layer untuk memberikan ketepatan tugas seperti deteksi objek, pengenalan suara, terjemahan bahasa dan lain – lain.\r\n                </p>\r\n                <p>Keren kan?</p>\r\n                <p>Gimana sih caranya?</p>\r\n            </div>\r\n\r\n            <br>\r\n            <p>\r\n            Pertama, model yang di-train terlebih dahulu mengidentifikasi lokasi bagian tubuh dalam gambar baru. Lalu kemudian posisi dari bagian-bagian tersebut diperhalus dengan mempertimbangkan poin-poin penting yang berdekatan (misalnya: siku kiri hanya terhubung dengan pergelangan tangan kiri dan bahu kiri).\r\n            </p>\r\n            <p>\r\n            Jika gambar lebih dari satu orang, model perlu memisahkan poin-poin kunci untuk orang yang berbeda.\r\n                Algoritma dimulai dengan titik kunci yang paling dipercaya daripada titik awal yang disukai seperti hidung. Kemudian mempertimbangkan lokasi bagian tubuh yang terhubung ke titik kunci, kemudian yang terhubung ke bagian tersebut, dan seterusnya. Selain itu, jika segmentasi juga diperlukan, setiap piksel diberi kode untuk setiap bagian tubuh yang dimilikinya.\r\n            </p>', 10, '2023-07-14 00:37:20', '2023-07-14 00:37:20'),
(26, 30, '<center>\r\n            <img src=\"/assets/img/google.png\" alt=\"google creative\" width=\"35%\" class=\"img-fluid rounded\">\r\n            </center><br>\r\n            <p>\r\n            Google Creative Lab merilis perangkat lunak berbasis browser yang disebut Posenet untuk estimasi pose manusia secara real-time. Perangkat lunak ini dapat menentukan lokasi 17 bagian wajah dan tubuh yang berbeda: hidung, mata, telinga, bahu, siku, pergelangan tangan, pinggul, lutut, dan pergelangan kaki.\r\n            </p>\r\n            <center> \r\n                <img src=\"https://1.bp.blogspot.com/-yRn-UAqO8Mc/XcCkQ6nKOrI/AAAAAAAAAww/H4FvoPHdg-oQJJ_-03qK5lsXXGEFRJoWwCLcBGAsYHQ/s320/p1.gif\" alt=\"ecraft2learn\" width=\"25%\" class=\"img-fluid rounded\">\r\n            </center><br>\r\n            <p>\r\n            Posenet dibuat menggunakan deep machine learning dan memanfaatkan Tensorflow.js. <br>\r\n            <b>Apa itu Tensorflow?</b> Tensorflow adalah sebuah framework machine learning yang dapat membantumu membuat neural network (jaringan artifisial yang mirip otak manusia) dalam skala besar. \r\n            </p><br>\r\n\r\n            <p>\r\n            Nah sedangkan dalam Posenet ini, yang sangat mengesankan adalah ia bekerja di browser tanpa perangkat lunak atau perangkat keras khusus (selain webcam).\r\n            </p><br>\r\n\r\n\r\n            <p>\r\n                Blok <img src=\"/assets/img/blocks/blok-28.png\" alt=\"ecraft2learn\" width=\"12%\">\r\n                menginput daftar pose untuk setiap orang di depan kamera. Sistem \r\n                dapat dikonfigurasi pada tab \"pose\" untuk mengoptimalkan adegan jika lebih dari satu orang. Trade-off antara kecepatan dan akurasi juga dapat dilakukan.\r\n            </p><br>\r\n\r\n\r\n            <p>\r\n                Di bawah ini, Kambu bisa bereksperimen dengan program yang bisa mendeteksi lokasi dari 17 atau 33 bagian tubuh yang berbeda. <b>Yuk coba!</b>\r\n            </p>\r\n\r\n            <center> \r\n                <a href=\"https://ecraft2learn.github.io/ai/snap/snap.html?project=pose\" target=”_blank”>\r\n                    <img src=\"/assets/img/blocks/blok33.png\" alt=\"ecraft2learn\" width=\"50%\" class=\"img-fluid rounded\">\r\n                </a>\r\n            </center><br>\r\n\r\n            <p>\r\n                Blok <img src=\"/assets/img/blocks/blok-29.png\" alt=\"ecraft2learn\" width=\"20%\">\r\n                adalah untuk menunjukkan daftar dari pose itu sendiri. Setiap pose adalah daftar daftar kunci dan nilai.<br> \r\n                Terdapat beberapa versi pada program di atas, di mana versi PoseNet berfungsi untuk banyak orang, sedangkan dua lainnya paling cocok untuk satu pose saja.\r\n            </p><br>\r\n\r\n            <p>\r\n                Sedangkan di bawah ini, Kamu bisa mencoba program untuk mendeteksi lokasi dari 21 bagian tangan yang berbeda! \r\n                <br>Mengapa bisa? well, Google telah mengembangkan model yang menunjukkan 21 lokasi pada bagian tangan juga loh! Yuk coba!\r\n            </p>\r\n\r\n            <center> \r\n                <a href=\"https://ecraft2learn.github.io/ai/snap/snap.html?project=hand%20pose\" target=”_blank”>\r\n                    <img src=\"/assets/img/blocks/blok34.png\" alt=\"ecraft2learn\" width=\"45%\" class=\"img-fluid rounded\">\r\n                </a>\r\n            </center><br><p>\r\n                Blok <img src=\"/assets/img/blocks/blok-30.png\" alt=\"ecraft2learn\" width=\"25%\">\r\n                digunakan untuk menunjukkan lokasi dan skor kepercayaan dari bagian-bagian tersebut.\r\n            </p><br>', 10, '2023-07-14 00:37:20', '2023-07-14 00:37:20'),
(27, 31, '<center> \r\n            <img src=\"/assets/img/aset/aset8.png\" alt=\"ecraft2learn\" width=\"25%\" class=\"img-fluid rounded\">\r\n            </center><br>\r\n            <p>Bagaimana permainan Simon Says ini bekerja?</p>\r\n            <p>\r\n            Jadi, ia memilih apakah akan mengawali pernyataannya dengan \"Simon Says\" dan memilih dua bagian tubuh untuk disatukan oleh pemain. Deteksi pose digunakan untuk melihat apakah Kamu membuat pose yang sesuai dengan apa yang dikatakan.\r\n            </p>\r\n            <p>\r\n            Untuk memperjelasnya, ayo Kamu coba program di bawah ini!\r\n            </p>\r\n            <center> \r\n                <a href=\"https://ecraft2learn.github.io/ai/snap/snap.html?project=simon%20says#teachable-machine\" target=”_blank”>\r\n                    <img src=\"/assets/img/aset/aset9.png\" alt=\"ecraft2learn\" width=\"50%\" class=\"img-fluid rounded\">\r\n                </a>\r\n            </center><br>\r\n            <p>\r\n            Permainan ini bisa kamu tingkatkan lagi dengan banyak cara loh! \r\n            <b>Be Creative!</b>\r\n            </p>', 10, '2023-07-14 00:37:20', '2023-07-14 00:37:20'),
(28, 32, '<p>\r\n            Dengan Machine Learning, Kamu bisa membuat permainan gunting kertas batu loh!\r\n            <br>Cara mainnya adalah dengan meletakkan tangan Kamu ke salah satu dari tiga konfigurasi.\r\n            <br>Ayo Main!\r\n            </p>\r\n            <center> \r\n                <a href=\"https://ecraft2learn.github.io/ai/snap/snap.html?project=rock%20paper%20scissors&noRun\" target=”_blank”>\r\n                    <img src=\"/assets/img/aset/aset10.png\" alt=\"ecraft2learn\" width=\"50%\" class=\"img-fluid rounded\">\r\n                </a>\r\n            </center><br>\r\n\r\n            <p>\r\n                Permainan ini menggunakan blok <img src=\"/assets/img/blocks/blok-9.png\" alt=\"ecraft2learn\" width=\"30%\">\r\n                sebanyak 4 kali (kertas, gunting, batu, dan “other”).\r\n            </p>\r\n\r\n            <p>\r\n                Setelah training selesai, permainan dimulai dan program memilih gerakan acak dan membandingkannya dengan gerakan Kamu di depan kamera.\r\n            </p>\r\n\r\n            <p>\r\n                Jangan lupa! Permainan ini dapat ditingkatkan lagi dengan banyak cara loh! \r\n                <b>Be Creative!</b>\r\n            </p>', 10, '2023-07-14 00:37:20', '2023-07-14 00:37:20'),
(29, 33, '<p>\r\n            Pada bagian ini, program menggunakan BodyPix. \r\n            <br>Apakan Kamu tahu apa itu Bodypix?\r\n            </p>\r\n            <p>\r\n                BodyPix adalah model segmentasi deep learning yang mengklasifikasikan setiap piksel dalam foto manusia. Contohnya, apakah bagian tertentu termasuk bagian dari tubuh? Jika ya, bagian apakah itu? Lalu program akan mengetahui bagian tersebut adalah tangan, lengan, kaki, atau yang lainnya.\r\n            </p>\r\n            <p>\r\n                Sekarang, coba perhatikan gambar berikut:\r\n            </p>\r\n            <center> \r\n                <img src=\"/assets/img/aset/aset11.png\" alt=\"ecraft2learn\" width=\"40%\" class=\"img-fluid rounded\">\r\n            </center><br>\r\n            <p>\r\n            Gambar di atas adalah contoh dimana BodyPix memberikan warna berbeda pada masing-masing bagian tubuh.\r\n\r\n            <br>Terdapat dua blok segmentasi, yaitu:\r\n\r\n            </p><br>\r\n            \r\n            <p>\r\n                <center><img src=\"/assets/img/blocks/blok-10.png\" alt=\"ecraft2learn\" width=\"35%\"></center>\r\n                Blok di atas paling cocok untuk menganalisis gambar satu orang, dan\r\n            </p>\r\n            <p>\r\n                <center><img src=\"/assets/img/blocks/blok-11.png\" alt=\"ecraft2learn\" width=\"35%\"></center>\r\n                Blok di atas paling cocok untuk menganalisis gambar banyak orang\r\n            </p>\r\n            <p>\r\n                Kedua blok tersebut dapat digunakan dengan gambar dari sejumlah orang tetapi masing-masing lebih cepat dan lebih informatif bila digunakan sesuai indikasinya.\r\n            </p>\r\n\r\n            <center>\r\n                <button type=\"button\" data-toggle=\"collapse\" data-target=\"#detailMateri15C4\" aria-expanded=\"false\" aria-controls=\"collapseExample\" class=\"btn btn-primary btn-lg\">Lihat Argumen Disini!</button>\r\n            </center>\r\n\r\n            <div class=\"collapse\" id=\"detailMateri15C4\">\r\n                <br>\r\n                <div class=\"card card-body\">\r\n                    <p>\r\n                        • Buat Kostum Segmentasi (Create Segmentation Costume) jika benar, menunjukkan kostum baru, di mana setiap piksel adalah salah satu dari 24 warna \r\n                    </p>\r\n                    <p>\r\n                        • Pemetaan Warna (Color Mappings)disediakan daftar dari 24 warna mana yang digunakan untuk setiap bagian tubuh. Setiap warna adalah daftar empat angka antara 0 dan 255 yang menentukan jumlah warna merah, hijau, biru, dan buram. \r\n                    </p>\r\n                    <p>\r\n                        • Buat Kode Piksel (Create Pixel Codes) jika benar, menunjukkan daftar angka dari 0 hingga 23 yang sesuai dengan bagian tubuh berbeda untuk setiap piksel dalam gambar. \r\n                    </p>\r\n                    <p>\r\n                        • Buat Pose (Create Poses) jika benar, menunjukkan pose tubuh. \r\n                    </p>\r\n                    <p>\r\n                        • Buat Bitmask Orang (Create Person Bitmasks) jika benar dan menggunakan blok multi-person segmentations and poses of costume... kemudian daftar nol dan satu dilaporkan. Satu menunjukkan bahwa piksel adalah bagian dari seseorang dan nol sebaliknya. \r\n                    </p>\r\n                    <p>\r\n                        • Config jika yang tersedia adalah daftar kunci dan nilai bergantian seperti yang dijelaskan di bawah ini! \r\n                    </p>\r\n                    <center>\r\n                    <a href=\"https://github.com/tensorflow/tfjs-models/tree/master/body-pix#user-content-params-in-segmentpersonparts\">\r\n                        <button type=\"button\" class=\"btn btn-primary btn-md\">Segmentasi <b>Satu</b> Orang</button>\r\n                    </a>\r\n                    <a href=\"https://github.com/tensorflow/tfjs-models/tree/master/body-pix#user-content-params-in-segmentmultipersonparts\">\r\n                        <button type=\"button\" class=\"btn btn-primary btn-md\">Segmentasi <b>Banyak</b> Orang</button>\r\n                    </a>\r\n                    </center>\r\n                    \r\n                </div>\r\n            </div>\r\n\r\n            <br>\r\n            <p>\r\n                Ayo jelajahi contoh di bawah ini! Lihat apakah model segmentasi satu orang dapat menemukan bagian tubuh dengan benar!\r\n            </p>\r\n            <center> \r\n                <a href=\"https://ecraft2learn.github.io/ai/snap/snap.html?project=segmentation%20single&editMode\" target=”_blank”>\r\n                    <img src=\"/assets/img/blocks/blok12.png\" alt=\"ecraft2learn\" width=\"50%\" class=\"img-fluid rounded\">\r\n                </a>\r\n            </center><br>\r\n\r\n            <p>\r\n                Dan untuk lihat apakah model segmentasi banyak orang dapat menemukan bagian tubuh dengan benar, jelajahi contoh di bawah ini!\r\n            </p>\r\n            <center> \r\n                <a href=\"https://ecraft2learn.github.io/ai/snap/snap.html?project=segmentation%20multi&editMode\" target=”_blank”>\r\n                    <img src=\"/assets/img/blocks/blok13.png\" alt=\"ecraft2learn\" width=\"50%\" class=\"img-fluid rounded\">\r\n                </a>\r\n            </center><br>\r\n\r\n            <p>\r\n            Lalu sekarang, ayo lihat contoh sebuah proyek dengan menggunakan segmentasi!\r\n            </p>\r\n            <center> \r\n            <h4 class=\"text-orange\">The Balloon Game</h4>\r\n                <a href=\"https://ecraft2learn.github.io/ai/snap/snap.html?project=balloon%20game\" target=”_blank”>\r\n                    <img src=\"/assets/img/aset/aset12.png\" alt=\"ecraft2learn\" width=\"50%\" class=\"img-fluid rounded\">\r\n                </a>\r\n            </center><br>\r\n            <p>\r\n            Balon perlahan jatuh dan poin akan diberikan ketika balon diletuskan oleh tangan atau kaki. Namun, balon yang meletus di kepala akan kehilangan poin.\r\n            </p>', 10, '2023-07-14 00:37:21', '2023-07-14 00:37:21');
INSERT INTO `materials` (`id`, `content_id`, `isi`, `xp`, `created_at`, `updated_at`) VALUES
(30, 34, '<p>\r\n                    Pada bagian ini, program menggunakan COCO-SSD.\r\n                    <br>Apa itu COCO-SSD?\r\n                    </p>\r\n                    <p>\r\n                    COCO-SSD adalah model deep learning untuk mendeteksi objek. Hal ini dapat mendeteksi hingga 100 objek dari 80 jenis yang berbeda. COCO-SSD memberi label pada objek-objek tersebut dan menyediakan \"kotak pembatas\" atau “bounding box” untuk setiap objek yang terdeteksi. Kotak pembatas adalah persegi panjang terkecil yang mengelilingi objek.\r\n                    </p>\r\n                    <center> \r\n                        <img src=\"/assets/img/aset/aset13.png\" alt=\"ecraft2learn\" width=\"50%\" class=\"img-fluid rounded\">\r\n                    </center><br>\r\n                    <p>\r\n                        COCO-SSD dilatih menggunakan dataset COCO yang memiliki label dan lokasi 1,5 juta objek di lebih dari 200.000 gambar. SSD disini adalah singkatan dari Single Shot MultiBox Detection. \r\n                        Kenapa begitu? Well, karena COCO-SSD adalah model tunggal yang telah dilatih untuk mendeteksi beberapa kotak pembatas dari beberapa objek dalam sebuah gambar.\r\n                    </p>\r\n                    \r\n\r\n                    <p>\r\n                        Blok <img src=\"/assets/img/blocks/blok-12.png\" alt=\"ecraft2learn\" width=\"25%\">\r\n                        dapat melaporkan daftar deskripsi setiap objek yang terdeteksi. \r\n                        <br>Ayo bereksperimen dengan blok di atas melalui contoh berikut:\r\n                    </p>\r\n\r\n                    <center> \r\n                        <a href=\"https://ecraft2learn.github.io/ai/snap/snap.html?project=detect%20objects%20exercise&editMode\" target=”_blank”>\r\n                            <img src=\"/assets/img/aset/aset14.png\" alt=\"ecraft2learn\" width=\"40%\" class=\"img-fluid rounded\">\r\n                        </a>\r\n                    </center><br>\r\n                    \r\n                    <center>\r\n                        <button type=\"button\" data-toggle=\"collapse\" data-target=\"#detailMateri15C4\" aria-expanded=\"false\" aria-controls=\"collapseExample\" class=\"btn btn-primary btn-lg\">Baca Lebih Lanjut!</button>\r\n                    </center>\r\n                    \r\n                    <div class=\"collapse\" id=\"detailMateri15C4\">\r\n                        <br>\r\n                        <div class=\"card card-body\">\r\n                            <center>\r\n                            <img src=\"/assets/img/blocks/blok14.png\" alt=\"ecraft2learn\" width=\"60%\" class=\"img-fluid rounded\">\r\n                            \r\n                            <p>\r\n                                • <i>Contoh opsi untuk objek di blok kostum</i>\r\n                            </p>    \r\n                            </center><br>\r\n                            <p>\r\n                                • <b>Load Smaller, Faster, But Less Accurate Model</b>  jika benar (true) memuat model yang berukuran sekitar sepertiga ukuran model default. Ini lebih cepat tetapi kurang akurat. \r\n                            </p>\r\n                            <p>\r\n                                • <b>Maximum Number of Objects</b>  jika diberikan mengesampingkan nilai default 20. Sedangkan 100 adalah jumlah objek terbesar yang dapat dideteksi model. \r\n                            </p>\r\n                            <p>\r\n                                • <b>Minimum Confidence Score</b> jika mengesampingkan nilai default 0,5. Blok objects in costume hanya akan melaporkan objek dengan skor confidence setidaknya nilai ini. \r\n                            </p>\r\n                            \r\n                        </div>\r\n                    </div>', 10, '2023-07-14 00:37:21', '2023-07-14 00:37:21'),
(31, 35, '<p>\r\n            Baru-baru ini para peneliti telah menemukan cara untuk menggunakan dua program machine learning untuk mengambil gambar dan mengubahnya menjadi seperti lukisan terkenal. Hal itu biasa disebut dengan style transfer atau transfer gaya. \r\n            </p><br>\r\n\r\n            <p>\r\n                Dengan blok <img src=\"/assets/img/blocks/blok-13.png\" alt=\"ecraft2learn\" width=\"30%\">\r\n                , Kamu bisa mengambil kostum sprite (bisa berupa gambar apa saja) pada Snap! dan nama gaya, lalu menghasilkan kostum baru dalam gaya tersebut.\r\n            </p>\r\n\r\n            <p>\r\n                Ayo coba program di bawah ini!\r\n                <br> Klik bloknya untuk mengambil foto dan buat ulang dengan <a href=\"#styles\">gaya yang Kamu pilih!</a>\r\n            </p>\r\n\r\n            <center> \r\n                <a href=\"https://ecraft2learn.github.io/ai/snap/snap.html?project=style%20transfer%20exercise&editMode\" target=”_blank”>\r\n                    <img src=\"/assets/img/blocks/blok15.png\" alt=\"ecraft2learn\" width=\"70%\" class=\"img-fluid rounded\">\r\n                </a>\r\n            </center><br><br>\r\n\r\n            <p>\r\n                Klik di bawah ini untuk mencoba \"ghost effect\" dari Snap! \r\n            </p>\r\n            <center> \r\n                <a href=\"https://ecraft2learn.github.io/ai/snap/snap.html?project=style%20transfer\" target=”_blank”>\r\n                    <img src=\"/assets/img/aset/aset15.png\" alt=\"ecraft2learn\" width=\"50%\" class=\"img-fluid rounded\">\r\n                </a>\r\n            </center><br>', 10, '2023-07-14 00:37:21', '2023-07-14 00:37:21'),
(32, 36, '<p>\r\n            Pekerjaan yang dilakukan oleh mahasiswa di New York University Tisch School of the Arts yang menciptakan versi model style transfer berbasis web dengan \r\n            blok <img src=\"/assets/img/blocks/blok-13.png\" alt=\"ecraft2learn\" width=\"30%\">\r\n            </p>\r\n            <p>Lalu oleh seorang siswa SMA bernama Luie diadaptasi agar berfungsi pada Snap!.<br>Keren bukan?</p>\r\n            <p>\r\n            Tujuannya adalah untuk menghasilkan gambar baru yang cocok dengan fitur gaya dari gambar menggunakan model deep learning. Model machine learning telah dilatih untuk melakukan hal itu dengan cepat.\r\n            </p><br>\r\n\r\n            <p>\r\n                Ayo nonton video tentang Style Transfer di bawah ini agar tahu bagaimana Style Transfer dapat bekerja!\r\n            </p>\r\n            <center> \r\n            <iframe width=\"560\" height=\"315\" src=\"https://www.youtube.com/embed/WHmp26bh0tI\" title=\"YouTube video player\" frameborder=\"0\" allow=\"accelerometer; autoplay; clipboard-write; encrypted-media; gyroscope; picture-in-picture\" allowfullscreen></iframe>\r\n            </center>', 10, '2023-07-14 00:37:21', '2023-07-14 00:37:21'),
(33, 38, '<p style=\"font-size: 18px\">\r\n            Sebagian besar ide proyek yang terdaftar untuk menggunakan layanan pengenalan gambar dapat didasarkan pada blok yang dijelaskan dalam bab ini. Ada banyak hal yang bisa Kamu eksplor untuk proyek lainnya!\r\n            </p><br>\r\n\r\n            <p style=\"font-size: 18px\">\r\n                Berikut ini adalah beberapa ide proyek yang dapat Kamu buat menggunakan ML:\r\n            </p>', 10, '2023-07-14 00:37:21', '2023-07-14 00:37:21'),
(34, 39, '<p>\r\n            Pekerjaan yang dilakukan oleh mahasiswa di New York University Tisch School of the Arts yang menciptakan versi model style transfer berbasis web dengan \r\n            blok <img src=\"/assets/img/blocks/blok-13.png\" alt=\"ecraft2learn\" width=\"30%\">\r\n            </p>\r\n            <p>\r\n                Lalu oleh seorang siswa SMA bernama Luie diadaptasi agar berfungsi pada Snap!.\r\n                <br> Keren bukan?\r\n            </p>\r\n            <p>\r\n            Tujuannya adalah untuk menghasilkan gambar baru yang cocok dengan fitur gaya dari gambar menggunakan model deep learning. Model machine learning telah dilatih untuk melakukan hal itu dengan cepat.\r\n            </p><br>\r\n\r\n            <p>\r\n                Ayo nonton video tentang Style Transfer di bawah ini agar tahu bagaimana Style Transfer dapat bekerja!\r\n            </p>\r\n            <center> \r\n            <iframe width=\"560\" height=\"315\" src=\"https://www.youtube.com/embed/WHmp26bh0tI\" title=\"YouTube video player\" frameborder=\"0\" allow=\"accelerometer; autoplay; clipboard-write; encrypted-media; gyroscope; picture-in-picture\" allowfullscreen></iframe>\r\n            </center>', 10, '2023-07-14 00:37:23', '2023-07-14 00:37:23');

-- --------------------------------------------------------

--
-- Table structure for table `migrations`
--

CREATE TABLE `migrations` (
  `id` int(10) UNSIGNED NOT NULL,
  `migration` varchar(255) COLLATE utf8mb4_unicode_ci NOT NULL,
  `batch` int(11) NOT NULL
) ENGINE=InnoDB DEFAULT CHARSET=utf8mb4 COLLATE=utf8mb4_unicode_ci;

--
-- Dumping data for table `migrations`
--

INSERT INTO `migrations` (`id`, `migration`, `batch`) VALUES
(1, '2014_10_12_000000_create_users_table', 1),
(2, '2014_10_12_100000_create_password_resets_table', 1),
(3, '2019_08_19_000000_create_failed_jobs_table', 1),
(4, '2019_12_14_000001_create_personal_access_tokens_table', 1),
(5, '2022_06_25_040026_create_courses_table', 1),
(6, '2022_06_25_040951_create_sub_courses_table', 1),
(7, '2022_06_25_041045_create_contents_table', 1),
(8, '2022_06_25_041213_create_quizzes_table', 1),
(9, '2022_06_25_041309_create_questions_table', 1),
(10, '2022_06_25_041344_create_answers_table', 1),
(11, '2022_06_25_041425_create_evaluations_table', 1),
(12, '2022_06_25_041457_create_rubriks_table', 1),
(13, '2022_06_25_041531_create_achievements_table', 1),
(14, '2022_06_25_044303_create_materials_table', 1),
(15, '2022_07_12_225507_create_learnings_table', 1),
(16, '2022_07_12_225630_create_detail_learnings_table', 1),
(17, '2022_07_12_225800_create_quiz_takens_table', 1),
(18, '2022_07_12_225840_create_evaluation_takens_table', 1),
(19, '2022_07_15_020921_create_detail_quiz_takens_table', 1),
(20, '2022_07_24_223141_create_certificates_table', 1),
(21, '2022_07_27_235802_create_challenges_table', 1),
(22, '2022_07_27_235902_create_challenge_takens_table', 1),
(23, '2022_07_28_011816_create_notifications_table', 1);

-- --------------------------------------------------------

--
-- Table structure for table `notifications`
--

CREATE TABLE `notifications` (
  `id` bigint(20) UNSIGNED NOT NULL,
  `user_id` bigint(20) UNSIGNED NOT NULL,
  `judul_notifikasi` varchar(255) COLLATE utf8mb4_unicode_ci NOT NULL,
  `id_content` int(11) NOT NULL,
  `status` int(11) NOT NULL DEFAULT 0,
  `tipe` int(11) NOT NULL,
  `created_at` timestamp NULL DEFAULT NULL,
  `updated_at` timestamp NULL DEFAULT NULL
) ENGINE=InnoDB DEFAULT CHARSET=utf8mb4 COLLATE=utf8mb4_unicode_ci;

-- --------------------------------------------------------

--
-- Table structure for table `password_resets`
--

CREATE TABLE `password_resets` (
  `email` varchar(255) COLLATE utf8mb4_unicode_ci NOT NULL,
  `token` varchar(255) COLLATE utf8mb4_unicode_ci NOT NULL,
  `created_at` timestamp NULL DEFAULT NULL
) ENGINE=InnoDB DEFAULT CHARSET=utf8mb4 COLLATE=utf8mb4_unicode_ci;

-- --------------------------------------------------------

--
-- Table structure for table `personal_access_tokens`
--

CREATE TABLE `personal_access_tokens` (
  `id` bigint(20) UNSIGNED NOT NULL,
  `tokenable_type` varchar(255) COLLATE utf8mb4_unicode_ci NOT NULL,
  `tokenable_id` bigint(20) UNSIGNED NOT NULL,
  `name` varchar(255) COLLATE utf8mb4_unicode_ci NOT NULL,
  `token` varchar(64) COLLATE utf8mb4_unicode_ci NOT NULL,
  `abilities` text COLLATE utf8mb4_unicode_ci DEFAULT NULL,
  `last_used_at` timestamp NULL DEFAULT NULL,
  `created_at` timestamp NULL DEFAULT NULL,
  `updated_at` timestamp NULL DEFAULT NULL
) ENGINE=InnoDB DEFAULT CHARSET=utf8mb4 COLLATE=utf8mb4_unicode_ci;

-- --------------------------------------------------------

--
-- Table structure for table `questions`
--

CREATE TABLE `questions` (
  `id` bigint(20) UNSIGNED NOT NULL,
  `quiz_id` bigint(20) UNSIGNED NOT NULL,
  `pertanyaan` varchar(255) COLLATE utf8mb4_unicode_ci NOT NULL,
  `prev_quest` int(11) DEFAULT NULL,
  `next_quest` int(11) DEFAULT NULL,
  `point` int(11) NOT NULL DEFAULT 3,
  `created_at` timestamp NULL DEFAULT NULL,
  `updated_at` timestamp NULL DEFAULT NULL
) ENGINE=InnoDB DEFAULT CHARSET=utf8mb4 COLLATE=utf8mb4_unicode_ci;

--
-- Dumping data for table `questions`
--

INSERT INTO `questions` (`id`, `quiz_id`, `pertanyaan`, `prev_quest`, `next_quest`, `point`, `created_at`, `updated_at`) VALUES
(1, 1, 'Di bawah ini mana penyataan yang kurang tepat?', 0, 2, 3, '2023-07-14 00:37:23', '2023-07-14 00:37:23'),
(2, 1, 'Dibawah ini manakah perintah untuk menjalankan speech synthesis di Snap?', 1, 3, 3, '2023-07-14 00:37:23', '2023-07-14 00:37:23'),
(3, 1, 'Hal mendasar apa saja yang dapat diucapkan oleh blok Speak?', 2, 0, 3, '2023-07-14 00:37:23', '2023-07-14 00:37:23'),
(4, 2, 'Dibawah ini yang bukan merupakan parameter dalam mengontrol speech synthesis adalah?', 0, 5, 3, '2023-07-14 00:37:23', '2023-07-14 00:37:23'),
(5, 2, 'Perintah yang dapat digunakan untuk mengeksekusi perintah setelah perintah pertama adalah...', 4, 6, 3, '2023-07-14 00:37:24', '2023-07-14 00:37:24'),
(6, 2, 'Manakah dibawah ini parameter yang paling tepat untuk menambahkan aksen dalam pengucapan?', 5, 0, 3, '2023-07-14 00:37:24', '2023-07-14 00:37:24'),
(7, 3, 'Dalam bidang Artificial intelligence terdapat sub-bidang lagi yang dikenal dengan sebutan Machine Learning. Manakah dari pernyataan berikut ini yang merupakan penjelasan dari Machine Learning?', 0, 8, 3, '2023-07-14 00:37:24', '2023-07-14 00:37:24'),
(8, 3, 'Kebutuhan utama yang dapat memproses suatu program Machine Learning agar sesuai dengan rancangan adalah?', 7, 9, 3, '2023-07-14 00:37:24', '2023-07-14 00:37:24'),
(9, 3, 'Machine Learning menggunakan \"confidence scores\" dalam bagian dataset yang kita tes untuk melihat keakuratan atau performanya. Manakah di bawah ini yang termasuk definisi dari Confidence scores?', 8, 10, 3, '2023-07-14 00:37:24', '2023-07-14 00:37:24'),
(10, 3, 'Di bawah ini adalah cara untuk load data training yang telah disimpan, Kecuali?', 9, 11, 3, '2023-07-14 00:37:24', '2023-07-14 00:37:24'),
(11, 3, 'Dalam melatih label input gambar, Machine Learning memerlukan suatu blok pemrograman yaitu blok train with image buckets. Blok tersebut memiliki fungsi tersendiri, yaitu untuk?', 10, 12, 3, '2023-07-14 00:37:24', '2023-07-14 00:37:24'),
(12, 3, 'Pada platform blok programing terdapat istilah yang disebut dengan Sprite. Di bawah ini manakah definisi yang tepat tentang Sprite?', 11, 13, 3, '2023-07-14 00:37:24', '2023-07-14 00:37:24'),
(13, 3, 'Aplikasi dari model machine learning yang melakukan training data suara adalah?...', 12, 14, 3, '2023-07-14 00:37:25', '2023-07-14 00:37:25'),
(14, 3, 'Berikut ini yang merupakan cara kerja deteksi pose adalah?..', 13, 15, 3, '2023-07-14 00:37:25', '2023-07-14 00:37:25'),
(15, 3, 'Pada pelatihan/training pose Machine Learning, terdapat software browser yang disebut dengan Posenet. Berikut ini adalah pernyataan yang benar untuk Posenet, kecuali?', 14, 16, 3, '2023-07-14 00:37:25', '2023-07-14 00:37:25'),
(16, 3, 'Terdapat beberapa macam model pada deep learning, salah satunya yaitu Bodypix. Manakah di bawah ini yang termasuk definisi dari Bodypix?', 15, 0, 3, '2023-07-14 00:37:25', '2023-07-14 00:37:25');

-- --------------------------------------------------------

--
-- Table structure for table `quizzes`
--

CREATE TABLE `quizzes` (
  `id` bigint(20) UNSIGNED NOT NULL,
  `content_id` bigint(20) UNSIGNED NOT NULL,
  `desc` text COLLATE utf8mb4_unicode_ci NOT NULL,
  `xp` int(11) NOT NULL,
  `created_at` timestamp NULL DEFAULT NULL,
  `updated_at` timestamp NULL DEFAULT NULL
) ENGINE=InnoDB DEFAULT CHARSET=utf8mb4 COLLATE=utf8mb4_unicode_ci;

--
-- Dumping data for table `quizzes`
--

INSERT INTO `quizzes` (`id`, `content_id`, `desc`, `xp`, `created_at`, `updated_at`) VALUES
(1, 6, '<p>Cek pengetahuan ini merupakan tes yang memiliki 3 pertanyaan terkait materi yang sudah di pelajari oleh anda. Jawablah pertanyaan dengan tepat untuk mendapatkan point!</p><br>\r\n            <p class=\"font-semibold mt-4\">Aturan:</p>\r\n            <ol class=\"list-inside list-decimal\">\r\n                <li>Anda akan diberikan 3 point untuk setiap pertanyaan dan tidak batas waktu pengisian.</li>\r\n                <li>Setiap soal diberikan kesempatan 3 kali mengisi hingga benar dengan setiap pengisian akan mengurangi 1 point.</li> \r\n            </ol>', 30, '2023-07-14 00:37:23', '2023-07-14 00:37:23'),
(2, 11, '<p>Cek pengetahuan ini merupakan tes yang memiliki 3 pertanyaan terkait materi yang sudah di pelajari oleh anda. Jawablah pertanyaan dengan tepat untuk mendapatkan point!</p><br>\r\n            <p class=\"font-semibold mt-4\">Aturan:</p>\r\n            <ol class=\"list-inside list-decimal\">\r\n                <li>Anda akan diberikan 3 point untuk setiap pertanyaan dan tidak batas waktu pengisian.</li>\r\n                <li>Setiap soal diberikan kesempatan 3 kali mengisi hingga benar dengan setiap pengisian akan mengurangi 1 point.</li> \r\n            </ol>', 30, '2023-07-14 00:37:23', '2023-07-14 00:37:23'),
(3, 37, '<p>Tes akhir ini memiliki 10 pertanyaan terkait materi yang sudah di pelajari oleh anda. Jawablah pertanyaan dengan tepat untuk mendapatkan point!</p><br>\r\n            <p class=\"font-semibold mt-4\">Aturan:</p>\r\n            <ol class=\"list-inside list-decimal\">\r\n                <li>Anda akan diberikan 3 point untuk setiap pertanyaan dan tidak batas waktu pengisian.</li>\r\n                <li>Setiap soal diberikan kesempatan 3 kali mengisi hingga benar dengan setiap pengisian akan mengurangi 1 point.</li> \r\n            </ol>', 30, '2023-07-14 00:37:23', '2023-07-14 00:37:23');

-- --------------------------------------------------------

--
-- Table structure for table `quiz_takens`
--

CREATE TABLE `quiz_takens` (
  `id` bigint(20) UNSIGNED NOT NULL,
  `quiz_id` bigint(20) UNSIGNED NOT NULL,
  `detail_learning_id` bigint(20) UNSIGNED NOT NULL,
  `status` int(11) NOT NULL DEFAULT 0,
  `total_point` int(11) NOT NULL DEFAULT 0,
  `created_at` timestamp NULL DEFAULT NULL,
  `updated_at` timestamp NULL DEFAULT NULL
) ENGINE=InnoDB DEFAULT CHARSET=utf8mb4 COLLATE=utf8mb4_unicode_ci;

--
-- Dumping data for table `quiz_takens`
--

INSERT INTO `quiz_takens` (`id`, `quiz_id`, `detail_learning_id`, `status`, `total_point`, `created_at`, `updated_at`) VALUES
(1, 1, 6, 2, 9, '2023-07-14 00:56:46', '2023-07-14 01:09:54'),
(2, 2, 11, 2, 9, '2023-07-14 00:56:52', '2023-07-14 01:33:10'),
(3, 3, 37, 0, 0, '2023-07-14 02:16:25', '2023-07-14 02:16:25'),
(4, 1, 46, 2, 9, '2023-07-30 18:38:32', '2023-07-30 18:44:09'),
(5, 2, 51, 2, 9, '2023-07-30 18:38:32', '2023-07-30 18:46:57'),
(6, 1, 64, 2, 9, '2023-07-30 18:39:07', '2023-07-30 18:56:33'),
(7, 2, 69, 2, 9, '2023-07-30 18:39:07', '2023-07-30 19:26:09'),
(8, 1, 82, 2, 9, '2023-07-30 18:39:08', '2023-07-30 18:56:30'),
(9, 2, 87, 2, 8, '2023-07-30 18:39:08', '2023-07-30 19:23:37'),
(10, 1, 100, 2, 9, '2023-07-30 18:39:08', '2023-07-30 18:55:49'),
(11, 2, 105, 2, 5, '2023-07-30 18:39:08', '2023-07-30 18:58:35'),
(12, 1, 118, 2, 6, '2023-07-30 18:39:09', '2023-07-30 18:54:09'),
(13, 2, 123, 2, 6, '2023-07-30 18:39:09', '2023-07-30 19:21:25'),
(14, 1, 136, 2, 6, '2023-07-30 18:39:09', '2023-07-30 18:45:03'),
(15, 2, 141, 2, 3, '2023-07-30 18:39:09', '2023-07-30 18:50:47'),
(16, 1, 154, 2, 5, '2023-07-30 18:39:09', '2023-07-30 18:57:56'),
(17, 2, 159, 2, 5, '2023-07-30 18:39:09', '2023-07-30 19:06:07'),
(18, 1, 172, 2, 6, '2023-07-30 18:39:09', '2023-07-30 18:54:53'),
(19, 2, 177, 2, 5, '2023-07-30 18:39:09', '2023-07-30 19:00:59'),
(20, 1, 190, 2, 7, '2023-07-30 18:39:10', '2023-07-30 18:52:38'),
(21, 2, 195, 2, 6, '2023-07-30 18:39:10', '2023-07-30 18:58:19'),
(22, 1, 208, 2, 9, '2023-07-30 18:39:10', '2023-07-30 19:09:10'),
(23, 2, 213, 2, 4, '2023-07-30 18:39:10', '2023-07-30 19:15:07'),
(24, 1, 226, 2, 8, '2023-07-30 18:39:11', '2023-07-30 18:53:36'),
(25, 2, 231, 2, 9, '2023-07-30 18:39:11', '2023-07-30 19:02:09'),
(26, 1, 244, 2, 6, '2023-07-30 18:39:11', '2023-07-30 18:53:38'),
(27, 2, 249, 2, 8, '2023-07-30 18:39:11', '2023-07-30 19:01:38'),
(28, 1, 261, 2, 2, '2023-07-30 18:39:11', '2023-07-30 19:07:35'),
(29, 2, 267, 2, 7, '2023-07-30 18:39:11', '2023-07-30 19:25:15'),
(30, 1, 280, 2, 9, '2023-07-30 18:39:12', '2023-07-30 18:52:36'),
(31, 2, 285, 2, 8, '2023-07-30 18:39:12', '2023-07-30 18:58:23'),
(32, 1, 298, 2, 8, '2023-07-30 18:39:12', '2023-07-30 19:08:34'),
(33, 2, 303, 2, 6, '2023-07-30 18:39:12', '2023-07-30 19:13:28'),
(34, 1, 316, 2, 1, '2023-07-30 18:39:12', '2023-07-30 18:59:09'),
(35, 2, 321, 2, 3, '2023-07-30 18:39:13', '2023-07-30 19:00:46'),
(36, 1, 334, 2, 6, '2023-07-30 18:39:13', '2023-07-30 18:54:48'),
(37, 2, 339, 2, 9, '2023-07-30 18:39:13', '2023-07-30 19:02:32'),
(38, 1, 352, 2, 8, '2023-07-30 18:39:13', '2023-07-30 18:53:31'),
(39, 2, 357, 2, 7, '2023-07-30 18:39:13', '2023-07-30 19:01:40'),
(40, 1, 370, 2, 1, '2023-07-30 18:39:15', '2023-07-30 18:59:37'),
(41, 2, 375, 2, 5, '2023-07-30 18:39:15', '2023-07-30 19:09:53'),
(42, 1, 388, 2, 9, '2023-07-30 18:39:24', '2023-07-30 18:56:45'),
(43, 2, 393, 2, 3, '2023-07-30 18:39:24', '2023-07-30 19:04:46'),
(44, 1, 406, 2, -1, '2023-07-30 18:39:40', '2023-07-30 18:59:25'),
(45, 2, 411, 2, 8, '2023-07-30 18:39:40', '2023-07-30 19:24:06'),
(46, 1, 424, 2, 8, '2023-07-30 18:40:19', '2023-07-30 18:51:16'),
(47, 2, 429, 2, 4, '2023-07-30 18:40:19', '2023-07-30 19:05:45'),
(48, 3, 455, 2, 25, '2023-08-03 20:17:31', '2023-08-03 20:41:25'),
(49, 3, 477, 2, 30, '2023-08-03 20:19:09', '2023-08-03 20:39:42'),
(50, 3, 499, 2, 24, '2023-08-03 20:19:23', '2023-08-03 20:39:18'),
(51, 3, 521, 2, 30, '2023-08-03 20:19:23', '2023-08-03 20:40:51'),
(52, 3, 543, 2, 25, '2023-08-03 20:19:24', '2023-08-03 20:38:12'),
(53, 3, 565, 2, 24, '2023-08-03 20:19:24', '2023-08-03 20:39:38'),
(54, 3, 587, 2, 29, '2023-08-03 20:19:24', '2023-08-03 20:39:42'),
(55, 3, 609, 2, 18, '2023-08-03 20:19:25', '2023-08-03 20:34:13'),
(56, 3, 631, 2, 24, '2023-08-03 20:19:25', '2023-08-03 20:37:33'),
(57, 3, 653, 2, 21, '2023-08-03 20:19:25', '2023-08-03 20:39:38'),
(58, 3, 675, 2, 19, '2023-08-03 20:19:26', '2023-08-03 20:38:25'),
(59, 3, 697, 2, 29, '2023-08-03 20:19:26', '2023-08-03 20:40:57'),
(60, 3, 719, 2, 28, '2023-08-03 20:19:27', '2023-08-03 20:39:43'),
(61, 3, 741, 2, 22, '2023-08-03 20:19:28', '2023-08-03 20:42:22'),
(62, 3, 763, 2, 23, '2023-08-03 20:19:30', '2023-08-03 20:32:44'),
(63, 3, 785, 2, 28, '2023-08-03 20:19:34', '2023-08-03 20:39:58'),
(64, 3, 807, 2, 30, '2023-08-03 20:19:34', '2023-08-03 20:40:27'),
(65, 3, 829, 2, 30, '2023-08-03 20:19:46', '2023-08-03 20:40:57'),
(66, 3, 851, 2, 28, '2023-08-03 20:19:51', '2023-08-03 20:38:59'),
(67, 3, 873, 2, 24, '2023-08-03 20:21:04', '2023-08-03 20:38:29'),
(68, 3, 895, 2, 30, '2023-08-03 20:22:00', '2023-08-03 20:39:48');

-- --------------------------------------------------------

--
-- Table structure for table `rubriks`
--

CREATE TABLE `rubriks` (
  `id` bigint(20) UNSIGNED NOT NULL,
  `evaluation_id` bigint(20) UNSIGNED NOT NULL,
  `score` double NOT NULL,
  `desc` text COLLATE utf8mb4_unicode_ci NOT NULL,
  `point` int(11) NOT NULL,
  `created_at` timestamp NULL DEFAULT NULL,
  `updated_at` timestamp NULL DEFAULT NULL
) ENGINE=InnoDB DEFAULT CHARSET=utf8mb4 COLLATE=utf8mb4_unicode_ci;

--
-- Dumping data for table `rubriks`
--

INSERT INTO `rubriks` (`id`, `evaluation_id`, `score`, `desc`, `point`, `created_at`, `updated_at`) VALUES
(1, 1, 10, '<p>Program yang dibangung memuat: </p><p> (1) Blok Sederhana </p><p> (2) Blok yang berbicara selain bentuk kata-kata </p><p> (3) Efek suara </p><p> (4) Paramater kontrol blok speech synthesis</p><p> (5) Parameter kontrol untuk merubah jenis suara </p><p> (6) Blok untuk berbicara bukan sebuah kata</p>', 100, '2023-07-14 00:37:30', '2023-07-14 00:37:30'),
(2, 1, 8, '<p>Program yang dibangung memuat: </p><p> (1) Blok Sederhana </p><p> (2) Blok yang berbicara selain bentuk kata-kata </p><p> (3) Efek suara </p><p> (4) Paramater kontrol blok speech synthesis</p><p> (5) Parameter kontrol untuk merubah jenis suara </p>', 80, '2023-07-14 00:37:30', '2023-07-14 00:37:30'),
(3, 1, 6, '<p>Program yang dibangung memuat: </p><p> (1) Blok Sederhana </p><p> (2) Blok yang berbicara selain bentuk kata-kata </p><p> (3) Efek suara </p><p> (4) Paramater kontrol blok speech synthesis</p>', 60, '2023-07-14 00:37:30', '2023-07-14 00:37:30'),
(4, 1, 4, '<p>Program yang dibangun hanya memuat blok speech synthesis sederhana dan blok yang berbicara selain bentuk kata-kata</p>', 40, '2023-07-14 00:37:31', '2023-07-14 00:37:31'),
(5, 1, 2, '<p>Program yang dibangun hanya memuat blok speech synthesis sederhana (blok speak)</p>', 20, '2023-07-14 00:37:31', '2023-07-14 00:37:31');

-- --------------------------------------------------------

--
-- Table structure for table `sub_courses`
--

CREATE TABLE `sub_courses` (
  `id` bigint(20) UNSIGNED NOT NULL,
  `course_id` bigint(20) UNSIGNED NOT NULL,
  `judul_sub` varchar(255) COLLATE utf8mb4_unicode_ci NOT NULL,
  `desc` text COLLATE utf8mb4_unicode_ci NOT NULL,
  `created_at` timestamp NULL DEFAULT NULL,
  `updated_at` timestamp NULL DEFAULT NULL
) ENGINE=InnoDB DEFAULT CHARSET=utf8mb4 COLLATE=utf8mb4_unicode_ci;

--
-- Dumping data for table `sub_courses`
--

INSERT INTO `sub_courses` (`id`, `course_id`, `judul_sub`, `desc`, `created_at`, `updated_at`) VALUES
(1, 1, 'Pendahuluan', 'Selamat datang di course Speech Synthesis dalam Artificial Intelligence. Pertama-tama, mari kita cari tahu apa itu speech synthesis dan kegunaannya!', '2023-07-14 00:37:03', '2023-07-14 00:37:03'),
(2, 1, 'Speech Synthesis Sederhana', 'Pada sub materi speech synthesis sederhana kita akan memulai mempelajari beberapa blok snap! yang dapat digunakan untuk speech synthesis.', '2023-07-14 00:37:04', '2023-07-14 00:37:04'),
(3, 1, 'Mengontrol Speech Synthesis', 'Pada sub materi mengontrol speech synthesis kita akan mempelajari efek dan atribut kontrol pada blok speech synthesis pada snap!.', '2023-07-14 00:37:04', '2023-07-14 00:37:04'),
(4, 1, 'Berbicara Bukan Kata', 'Pada sub materi berbicara bukan kata kita akan mempelajari bagaimana blok snap! untuk speech synthesis dapat bekerja untuk selain bentuk kata.', '2023-07-14 00:37:05', '2023-07-14 00:37:05'),
(5, 1, 'Contoh Program AI dengan Speech Synthesis', 'Pada sub materi ini merupakan contoh dari penerapan blok snap! speech synthesis yang telah dipelajari di sub materi sebelumnya.', '2023-07-14 00:37:06', '2023-07-14 00:37:06'),
(6, 1, 'Penutup', 'Pada sub materi ini terdapat evaluasi belajar teman-teman dan akan mendapatkan sertifikat.', '2023-07-14 00:37:06', '2023-07-14 00:37:06'),
(7, 2, 'Pendahuluan', 'Selamat datang di course Speech Synthesis dalam Artificial Intelligence. Pertama-tama, mari kita cari tahu apa itu speech synthesis dan kegunaannya!', '2023-07-14 00:37:06', '2023-07-14 00:37:06'),
(8, 2, 'Training Gambar', 'Pada sub materi speech synthesis sederhana kita akan memulai mempelajari beberapa blok snap! yang dapat digunakan untuk speech synthesis.', '2023-07-14 00:37:07', '2023-07-14 00:37:07'),
(9, 2, 'Training Suara', 'Pada sub materi mengontrol speech synthesis kita akan mempelajari efek dan atribut kontrol pada blok speech synthesis pada snap!.', '2023-07-14 00:37:07', '2023-07-14 00:37:07'),
(10, 2, 'Training Pose', 'Pada sub materi berbicara bukan kata kita akan mempelajari bagaimana blok snap! untuk speech synthesis dapat bekerja untuk selain bentuk kata.', '2023-07-14 00:37:07', '2023-07-14 00:37:07'),
(11, 2, 'Contoh Program dengan Machine Learning', 'Pada sub materi ini merupakan contoh dari penerapan blok snap! speech synthesis yang telah dipelajari di sub materi sebelumnya.', '2023-07-14 00:37:08', '2023-07-14 00:37:08'),
(12, 2, 'Style Transfer', 'Pada sub materi ini terdapat evaluasi belajar teman-teman dan akan mendapatkan sertifikat.', '2023-07-14 00:37:08', '2023-07-14 00:37:08'),
(13, 2, 'Quiz', 'Pada sub materi ini terdapat evaluasi belajar teman-teman dan akan mendapatkan sertifikat.', '2023-07-14 00:37:08', '2023-07-14 00:37:08'),
(14, 2, 'Penutup', 'Pada sub materi ini terdapat evaluasi belajar teman-teman dan akan mendapatkan sertifikat.', '2023-07-14 00:37:09', '2023-07-14 00:37:09');

-- --------------------------------------------------------

--
-- Table structure for table `users`
--

CREATE TABLE `users` (
  `id` bigint(20) UNSIGNED NOT NULL,
  `name` varchar(255) COLLATE utf8mb4_unicode_ci NOT NULL,
  `email` varchar(255) COLLATE utf8mb4_unicode_ci NOT NULL,
  `email_verified_at` timestamp NULL DEFAULT NULL,
  `is_admin` tinyint(1) DEFAULT NULL,
  `password` varchar(255) COLLATE utf8mb4_unicode_ci NOT NULL,
  `status` varchar(255) COLLATE utf8mb4_unicode_ci NOT NULL,
  `remember_token` varchar(100) COLLATE utf8mb4_unicode_ci DEFAULT NULL,
  `created_at` timestamp NULL DEFAULT NULL,
  `updated_at` timestamp NULL DEFAULT NULL
) ENGINE=InnoDB DEFAULT CHARSET=utf8mb4 COLLATE=utf8mb4_unicode_ci;

--
-- Dumping data for table `users`
--

INSERT INTO `users` (`id`, `name`, `email`, `email_verified_at`, `is_admin`, `password`, `status`, `remember_token`, `created_at`, `updated_at`) VALUES
(1, 'Admin', 'sidiqnugraha@upi.edu', NULL, 1, '$2y$10$VBfz6h8cTxGGFUCAsL936.EiaJruUw5uC9cBLOkjvDY6Uew5WkzJy', '1', NULL, '2023-07-14 00:37:03', '2023-07-14 00:37:03'),
(2, 'Admin', 'anggitameylani08@upi.edu', NULL, 1, '$2y$10$Pp5nq9.3I2djd0T8XmnlBeqD/.tplr8wTkKp7rYySMy5P108t4C8K', '1', NULL, '2023-07-14 00:37:03', '2023-07-14 00:37:03'),
(3, 'Admin', 'admin01@gmail.com', NULL, 1, '$2y$10$kibYPifaT7b.wFj68Q6kI.mDrKBoIr67c89oLi/eTRKusec0CvmHu', '1', NULL, '2023-07-14 00:37:03', '2023-07-14 00:37:03'),
(5, 'Farid Idris', 'farididris@gmail.com', NULL, NULL, '$2y$10$5L.uhOqgeTXLg4QWNA/WwuwHxff.7CgmVoUO9C/GwxJygQW2Skyha', '1', NULL, '2023-07-14 00:55:55', '2023-07-14 00:55:55'),
(6, 'Lala', 'lala@gmail.com', NULL, NULL, '$2y$10$WN4nUYdXqmzcyQVPKVND7u.3lFX29atAXyDnOS9BnpwprLE092JPy', '1', NULL, '2023-07-26 08:16:28', '2023-07-26 08:16:28'),
(7, 'MUHAMMAD HIZKIEL ALLABIBY', 'h11.mega23@gmail.com', NULL, NULL, '$2y$10$8cWH/YETjsdOa6lTXpNOoeYOdGh1XR5Wo6iHFeYmISi5//D6z/hya', '1', NULL, '2023-07-30 18:27:46', '2023-07-30 18:27:46'),
(8, 'Yopi Sopian', 'yopisopi661@gmail.com', NULL, NULL, '$2y$10$2kYBhUdWxeHqlyKE3f12buUSzqAZM9ETMoG7IswQfTspR3lO3csQe', '1', NULL, '2023-07-30 18:29:01', '2023-07-30 18:29:01'),
(9, 'iksal dias putra', 'ocolllradenniksal@gmail.com', NULL, NULL, '$2y$10$x5G0DQ4eZO229TEiFyg9Ouupc1mjbrkFv8y4d8IqQxenNPypA1x0K', '1', NULL, '2023-07-30 18:29:18', '2023-07-30 18:29:18'),
(10, 'yuro radhitya nazaryra', 'radhitnazaryra@gmail.com', NULL, NULL, '$2y$10$J5Z46kFke7nFk.geUJvpUOHN2.wNLd1ewVUoWQ.avStoakSqA7idO', '1', NULL, '2023-07-30 18:29:31', '2023-07-30 18:29:31'),
(11, 'Muhammad khautal fawwaz maulana', 'mkfawwaz23@gmail.com', NULL, NULL, '$2y$10$/sEniwAiu2/E7RdvZpqRxepIYawBxzp75criKFYCw66cg6r/N60Zq', '1', NULL, '2023-07-30 18:29:33', '2023-07-30 18:29:33'),
(12, 'Alief Putra Alsyafin', 'alifptra17@gmail.com', NULL, NULL, '$2y$10$9thVXeso0w0MQT/0IgkRD.bVdpDIOdfbvrKSfC8gdDA8Py20ilsd6', '1', NULL, '2023-07-30 18:29:38', '2023-07-30 18:29:38'),
(13, 'Raul Ramadan', 'raulramadan981@gmail.com', NULL, NULL, '$2y$10$eGZBx4vZ8XPqYAei.ntRu.IlsCF698kl3yJD0jbFuthF0RWw1gm.C', '1', NULL, '2023-07-30 18:29:44', '2023-07-30 18:29:44'),
(15, 'Syahban Wira Adinata', 'wiraadinata68@gmail.com', NULL, NULL, '$2y$10$g5lLotsh.6kftt9MkzioEeUhZtiiRl5rIMs6oEa4KdqH8cg3KePdW', '1', NULL, '2023-07-30 18:29:49', '2023-07-30 18:29:49'),
(16, 'Muhammad rizqi fathurrahman', 'rizqi.alfath2019@gmail.com', NULL, NULL, '$2y$10$sg0LHJ9sHAL8JKUfzgeq2.xsuAbNX7wV48rRMn5OcX24Rkc8gxMv6', '1', NULL, '2023-07-30 18:29:56', '2023-07-30 18:29:56'),
(17, 'Favian Albi nur Fallah', 'albifavian9@gmail.com', NULL, NULL, '$2y$10$9uperxnCCPlpbII7lvDKKOQQhF0WcULohTzdAHCKG8Rh0/YXTJz2C', '1', NULL, '2023-07-30 18:29:56', '2023-07-30 18:29:56'),
(18, 'fatih althaf mussyafa', 'fatih.altafmusyafa@gmail.com', NULL, NULL, '$2y$10$S3n4VAKfDUQxv5jvMKpF4.zjaeiRryJ2v6q1mEnNHJGtxq/zv3oAu', '1', NULL, '2023-07-30 18:29:57', '2023-07-30 18:29:57'),
(19, 'Varell febyan', 'varellfebyan@gmail.com', NULL, NULL, '$2y$10$THK5KZJx3p0qFJmo.G.6F.rROCvWiR1J.wn7FHc2jA8/.MJ/vSsNy', '1', NULL, '2023-07-30 18:30:08', '2023-07-30 18:30:08'),
(20, 'Ricco Agustino Rinsampessy', 'riccorinsampessy2008@gmail.com', NULL, NULL, '$2y$10$CfKKYNZ.YdrPIjq/IXhS9Od9.jOLvd4Bb3G7M7tkbpTsZx1d48zKS', '1', NULL, '2023-07-30 18:30:08', '2023-07-30 18:30:08'),
(21, 'Muhammad Rizky firdaus', 'aanrizky13@gmail.com', NULL, NULL, '$2y$10$7J/ImJjz5PSh2PW952f.CeDg1y1k5LCECstKZDN2UTSo.91G.0FrW', '1', NULL, '2023-07-30 18:30:09', '2023-07-30 18:30:09'),
(22, 'Nabil putra pratama', 'nabil123@gmail.com', NULL, NULL, '$2y$10$F63f5MdZWV6/V7Q34FrenunLz/M9VP0oaJZrIa6Wm/hz80TCQpuGq', '1', NULL, '2023-07-30 18:30:09', '2023-07-30 18:30:09'),
(23, 'Azhardtya', 'adityakamil087@gmail.com', NULL, NULL, '$2y$10$onin9s8XiFVKmg68umT1Me1hVxL7RjOSppy64LidtLY5w8J/S.55y', '1', NULL, '2023-07-30 18:30:11', '2023-07-30 18:30:11'),
(24, 'Aldi Fauzi', 'aldifauzirahman020108@gmail.com', NULL, NULL, '$2y$10$CBKUeRfaEiy.YPdIG7u/NeetsqjI0H0FxAyOC7cR4llnqH7oQqg1.', '1', NULL, '2023-07-30 18:30:31', '2023-07-30 18:30:31'),
(25, 'Alvin Tris Suryana', 'sanexsad@gmail.com', NULL, NULL, '$2y$10$3b4G20YaNgDF/AZ6/fPLYeOYA8wwq17KAVWxB9Jry4888SwDQ/G8i', '1', NULL, '2023-07-30 18:30:32', '2023-07-30 18:30:32'),
(26, 'Delfy Syauqi Ahmad', 'ukidelfy121@gmail.com', NULL, NULL, '$2y$10$FEn0PaSYdtkAZnWVQPEFEOlJn1Ng7KJwbcPX9oi7BYoUuqSS3kwty', '1', NULL, '2023-07-30 18:31:08', '2023-07-30 18:31:08'),
(28, 'Raihan Bagus', 'dodobotak4@gmail.com', NULL, NULL, '$2y$10$SDyOarrUbbLLraq2/5vUTO79EYNdQGHmFg7AQR7ILlHQkQXmaT6Lu', '1', NULL, '2023-07-30 18:31:54', '2023-07-30 18:31:54'),
(29, 'Naylah Novalita', 'naylah@gmail.com', NULL, NULL, '$2y$10$BzNgsIza0YOni4q4DTsZCeDit2L3cK8nnjFhE1C8ELVzZp5D5X9U.', '1', NULL, '2023-07-30 18:32:02', '2023-07-30 18:32:02'),
(30, 'marcell sukma melati', 'mmarcellsukma@gmail.com', NULL, NULL, '$2y$10$.titCJCObGFkWJ3DYCd1euOp0Mo.Ali7U0djTnHokU3BH/7JfOmqe', '1', NULL, '2023-07-30 18:32:04', '2023-07-30 18:32:04'),
(31, 'Nayla Novalita', 'naylanovalita@gmail.com', NULL, NULL, '$2y$10$G.7KgaI2GHLV7gSw1g2/A.ydpdyY4r27kinOxNwtwAboG6elL7.3y', '1', NULL, '2023-07-30 18:36:30', '2023-07-30 18:36:30'),
(32, 'naylah novalita', 'naylahnovalita@gmail.com', NULL, NULL, '$2y$10$Q2FcTiIofje94vU3nZpQieZmogOpRg4Jtnnjd6XQm/IhUV9RLeswW', '1', NULL, '2023-07-30 18:37:41', '2023-07-30 18:37:41');

--
-- Indexes for dumped tables
--

--
-- Indexes for table `achievements`
--
ALTER TABLE `achievements`
  ADD PRIMARY KEY (`id`);

--
-- Indexes for table `answers`
--
ALTER TABLE `answers`
  ADD PRIMARY KEY (`id`);

--
-- Indexes for table `certificates`
--
ALTER TABLE `certificates`
  ADD PRIMARY KEY (`id`);

--
-- Indexes for table `challenges`
--
ALTER TABLE `challenges`
  ADD PRIMARY KEY (`id`);

--
-- Indexes for table `challenge_takens`
--
ALTER TABLE `challenge_takens`
  ADD PRIMARY KEY (`id`);

--
-- Indexes for table `contents`
--
ALTER TABLE `contents`
  ADD PRIMARY KEY (`id`);

--
-- Indexes for table `courses`
--
ALTER TABLE `courses`
  ADD PRIMARY KEY (`id`);

--
-- Indexes for table `detail_learnings`
--
ALTER TABLE `detail_learnings`
  ADD PRIMARY KEY (`id`);

--
-- Indexes for table `detail_quiz_takens`
--
ALTER TABLE `detail_quiz_takens`
  ADD PRIMARY KEY (`id`);

--
-- Indexes for table `evaluations`
--
ALTER TABLE `evaluations`
  ADD PRIMARY KEY (`id`);

--
-- Indexes for table `evaluation_takens`
--
ALTER TABLE `evaluation_takens`
  ADD PRIMARY KEY (`id`);

--
-- Indexes for table `failed_jobs`
--
ALTER TABLE `failed_jobs`
  ADD PRIMARY KEY (`id`),
  ADD UNIQUE KEY `failed_jobs_uuid_unique` (`uuid`);

--
-- Indexes for table `learnings`
--
ALTER TABLE `learnings`
  ADD PRIMARY KEY (`id`);

--
-- Indexes for table `materials`
--
ALTER TABLE `materials`
  ADD PRIMARY KEY (`id`);

--
-- Indexes for table `migrations`
--
ALTER TABLE `migrations`
  ADD PRIMARY KEY (`id`);

--
-- Indexes for table `notifications`
--
ALTER TABLE `notifications`
  ADD PRIMARY KEY (`id`);

--
-- Indexes for table `password_resets`
--
ALTER TABLE `password_resets`
  ADD KEY `password_resets_email_index` (`email`);

--
-- Indexes for table `personal_access_tokens`
--
ALTER TABLE `personal_access_tokens`
  ADD PRIMARY KEY (`id`),
  ADD UNIQUE KEY `personal_access_tokens_token_unique` (`token`),
  ADD KEY `personal_access_tokens_tokenable_type_tokenable_id_index` (`tokenable_type`,`tokenable_id`);

--
-- Indexes for table `questions`
--
ALTER TABLE `questions`
  ADD PRIMARY KEY (`id`);

--
-- Indexes for table `quizzes`
--
ALTER TABLE `quizzes`
  ADD PRIMARY KEY (`id`);

--
-- Indexes for table `quiz_takens`
--
ALTER TABLE `quiz_takens`
  ADD PRIMARY KEY (`id`);

--
-- Indexes for table `rubriks`
--
ALTER TABLE `rubriks`
  ADD PRIMARY KEY (`id`);

--
-- Indexes for table `sub_courses`
--
ALTER TABLE `sub_courses`
  ADD PRIMARY KEY (`id`);

--
-- Indexes for table `users`
--
ALTER TABLE `users`
  ADD PRIMARY KEY (`id`),
  ADD UNIQUE KEY `users_email_unique` (`email`);

--
-- AUTO_INCREMENT for dumped tables
--

--
-- AUTO_INCREMENT for table `achievements`
--
ALTER TABLE `achievements`
  MODIFY `id` bigint(20) UNSIGNED NOT NULL AUTO_INCREMENT, AUTO_INCREMENT=30;

--
-- AUTO_INCREMENT for table `answers`
--
ALTER TABLE `answers`
  MODIFY `id` bigint(20) UNSIGNED NOT NULL AUTO_INCREMENT, AUTO_INCREMENT=65;

--
-- AUTO_INCREMENT for table `challenges`
--
ALTER TABLE `challenges`
  MODIFY `id` bigint(20) UNSIGNED NOT NULL AUTO_INCREMENT, AUTO_INCREMENT=3;

--
-- AUTO_INCREMENT for table `challenge_takens`
--
ALTER TABLE `challenge_takens`
  MODIFY `id` bigint(20) UNSIGNED NOT NULL AUTO_INCREMENT, AUTO_INCREMENT=37;

--
-- AUTO_INCREMENT for table `contents`
--
ALTER TABLE `contents`
  MODIFY `id` bigint(20) UNSIGNED NOT NULL AUTO_INCREMENT, AUTO_INCREMENT=41;

--
-- AUTO_INCREMENT for table `courses`
--
ALTER TABLE `courses`
  MODIFY `id` bigint(20) UNSIGNED NOT NULL AUTO_INCREMENT, AUTO_INCREMENT=3;

--
-- AUTO_INCREMENT for table `detail_learnings`
--
ALTER TABLE `detail_learnings`
  MODIFY `id` bigint(20) UNSIGNED NOT NULL AUTO_INCREMENT, AUTO_INCREMENT=899;

--
-- AUTO_INCREMENT for table `detail_quiz_takens`
--
ALTER TABLE `detail_quiz_takens`
  MODIFY `id` bigint(20) UNSIGNED NOT NULL AUTO_INCREMENT, AUTO_INCREMENT=359;

--
-- AUTO_INCREMENT for table `evaluations`
--
ALTER TABLE `evaluations`
  MODIFY `id` bigint(20) UNSIGNED NOT NULL AUTO_INCREMENT, AUTO_INCREMENT=3;

--
-- AUTO_INCREMENT for table `evaluation_takens`
--
ALTER TABLE `evaluation_takens`
  MODIFY `id` bigint(20) UNSIGNED NOT NULL AUTO_INCREMENT, AUTO_INCREMENT=25;

--
-- AUTO_INCREMENT for table `failed_jobs`
--
ALTER TABLE `failed_jobs`
  MODIFY `id` bigint(20) UNSIGNED NOT NULL AUTO_INCREMENT;

--
-- AUTO_INCREMENT for table `learnings`
--
ALTER TABLE `learnings`
  MODIFY `id` bigint(20) UNSIGNED NOT NULL AUTO_INCREMENT, AUTO_INCREMENT=46;

--
-- AUTO_INCREMENT for table `materials`
--
ALTER TABLE `materials`
  MODIFY `id` bigint(20) UNSIGNED NOT NULL AUTO_INCREMENT, AUTO_INCREMENT=35;

--
-- AUTO_INCREMENT for table `migrations`
--
ALTER TABLE `migrations`
  MODIFY `id` int(10) UNSIGNED NOT NULL AUTO_INCREMENT, AUTO_INCREMENT=24;

--
-- AUTO_INCREMENT for table `notifications`
--
ALTER TABLE `notifications`
  MODIFY `id` bigint(20) UNSIGNED NOT NULL AUTO_INCREMENT;

--
-- AUTO_INCREMENT for table `personal_access_tokens`
--
ALTER TABLE `personal_access_tokens`
  MODIFY `id` bigint(20) UNSIGNED NOT NULL AUTO_INCREMENT;

--
-- AUTO_INCREMENT for table `questions`
--
ALTER TABLE `questions`
  MODIFY `id` bigint(20) UNSIGNED NOT NULL AUTO_INCREMENT, AUTO_INCREMENT=17;

--
-- AUTO_INCREMENT for table `quizzes`
--
ALTER TABLE `quizzes`
  MODIFY `id` bigint(20) UNSIGNED NOT NULL AUTO_INCREMENT, AUTO_INCREMENT=4;

--
-- AUTO_INCREMENT for table `quiz_takens`
--
ALTER TABLE `quiz_takens`
  MODIFY `id` bigint(20) UNSIGNED NOT NULL AUTO_INCREMENT, AUTO_INCREMENT=69;

--
-- AUTO_INCREMENT for table `rubriks`
--
ALTER TABLE `rubriks`
  MODIFY `id` bigint(20) UNSIGNED NOT NULL AUTO_INCREMENT, AUTO_INCREMENT=6;

--
-- AUTO_INCREMENT for table `sub_courses`
--
ALTER TABLE `sub_courses`
  MODIFY `id` bigint(20) UNSIGNED NOT NULL AUTO_INCREMENT, AUTO_INCREMENT=15;

--
-- AUTO_INCREMENT for table `users`
--
ALTER TABLE `users`
  MODIFY `id` bigint(20) UNSIGNED NOT NULL AUTO_INCREMENT, AUTO_INCREMENT=33;
COMMIT;

/*!40101 SET CHARACTER_SET_CLIENT=@OLD_CHARACTER_SET_CLIENT */;
/*!40101 SET CHARACTER_SET_RESULTS=@OLD_CHARACTER_SET_RESULTS */;
/*!40101 SET COLLATION_CONNECTION=@OLD_COLLATION_CONNECTION */;
